日期,品种,标的,多空,数量,可用数量,收盘价/结算价,市值/价值,盈亏/逐笔浮盈,开仓均价,持仓均价,保证金,盯市浮盈,今手数,仓位占比
2015-01-05,,Cash,,,,,10000000,,,,,,
2015-01-06,,Cash,,,,,10000000,,,,,,
2015-01-07,,Cash,,,,,10000000,,,,,,
2015-01-08,,Cash,,,,,10000000,,,,,,
2015-01-09,,Cash,,,,,10000000,,,,,,
2015-01-12,,Cash,,,,,10000000,,,,,,
2015-01-13,,Cash,,,,,10000000,,,,,,
2015-01-14,股票,同仁堂(600085.XSHG),多仓,432300股,432300股,23.41,10120143,108075,23.16,-,0,108075,0股,100%
2015-01-14,,Cash,,,,,-15071.62,,,,,,
2015-01-15,股票,同仁堂(600085.XSHG),多仓,432300股,432300股,23.41,10120143,108075,23.16,-,0,0,0股,100%
2015-01-15,,Cash,,,,,-15071.62,,,,,,
2015-01-16,股票,同仁堂(600085.XSHG),多仓,432300股,432300股,23.9,10331970,319902,23.16,-,0,211827,0股,100%
2015-01-16,,Cash,,,,,-15071.62,,,,,,
2015-01-19,股票,同仁堂(600085.XSHG),多仓,432300股,432300股,22.38,9674874,-337194,23.16,-,0,-657096,0股,100%
2015-01-19,,Cash,,,,,-15071.62,,,,,,
2015-01-20,股票,同仁堂(600085.XSHG),多仓,432300股,432300股,22.88,9891024,-121044,23.16,-,0,216150,0股,100%
2015-01-20,,Cash,,,,,-15071.62,,,,,,
2015-01-21,,Cash,,,,,9863094.05,,,,,,
2015-01-22,,Cash,,,,,9863094.05,,,,,,
2015-01-23,,Cash,,,,,9863094.05,,,,,,
2015-01-26,,Cash,,,,,9863094.05,,,,,,
2015-01-27,,Cash,,,,,9863094.05,,,,,,
2015-01-28,,Cash,,,,,9863094.05,,,,,,
2015-01-29,,Cash,,,,,9863094.05,,,,,,
2015-01-30,,Cash,,,,,9863094.05,,,,,,
2015-02-02,,Cash,,,,,9863094.05,,,,,,
2015-02-03,,Cash,,,,,9863094.05,,,,,,
2015-02-04,,Cash,,,,,9863094.05,,,,,,
2015-02-05,,Cash,,,,,9863094.05,,,,,,
2015-02-06,,Cash,,,,,9863094.05,,,,,,
2015-02-09,,Cash,,,,,9863094.05,,,,,,
2015-02-10,,Cash,,,,,9863094.05,,,,,,
2015-02-11,,Cash,,,,,9863094.05,,,,,,
2015-02-12,,Cash,,,,,9863094.05,,,,,,
2015-02-13,,Cash,,,,,9863094.05,,,,,,
2015-02-16,,Cash,,,,,9863094.05,,,,,,
2015-02-17,,Cash,,,,,9863094.05,,,,,,
2015-02-25,,Cash,,,,,9863094.05,,,,,,
2015-02-26,,Cash,,,,,9863094.05,,,,,,
2015-02-27,,Cash,,,,,9863094.05,,,,,,
2015-03-02,,Cash,,,,,9863094.05,,,,,,
2015-03-03,,Cash,,,,,9863094.05,,,,,,
2015-03-04,,Cash,,,,,9863094.05,,,,,,
2015-03-05,,Cash,,,,,9863094.05,,,,,,
2015-03-06,,Cash,,,,,9863094.05,,,,,,
2015-03-09,,Cash,,,,,9863094.05,,,,,,
2015-03-10,,Cash,,,,,9863094.05,,,,,,
2015-03-11,股票,同仁堂(600085.XSHG),多仓,444000股,444000股,21.96,9750240,-124320,22.24,-,0,-124320,0股,100%
2015-03-11,,Cash,,,,,-14428.32,,,,,,
2015-03-12,股票,同仁堂(600085.XSHG),多仓,444000股,444000股,22.24,9874560,0,22.24,-,0,124320,0股,100%
2015-03-12,,Cash,,,,,-14428.32,,,,,,
2015-03-13,股票,同仁堂(600085.XSHG),多仓,444000股,444000股,22.16,9839040,-35520,22.24,-,0,-35520,0股,100%
2015-03-13,,Cash,,,,,-14428.32,,,,,,
2015-03-16,股票,同仁堂(600085.XSHG),多仓,444000股,444000股,23.15,10278600,404040,22.24,-,0,439560,0股,100%
2015-03-16,,Cash,,,,,-14428.32,,,,,,
2015-03-17,股票,同仁堂(600085.XSHG),多仓,444000股,444000股,22.85,10145400,270840,22.24,-,0,-133200,0股,100%
2015-03-17,,Cash,,,,,-14428.32,,,,,,
2015-03-18,股票,同仁堂(600085.XSHG),多仓,443400股,443400股,23.13,10255842,394626,22.24,-,0,124152,0股,100%
2015-03-18,,Cash,,,,,-761.01,,,,,,
2015-03-19,股票,同仁堂(600085.XSHG),多仓,443400股,443400股,23.48,10411032,549816,22.24,-,0,155190,0股,100%
2015-03-19,,Cash,,,,,-761.01,,,,,,
2015-03-20,股票,同仁堂(600085.XSHG),多仓,443400股,443400股,23.58,10455372,594156,22.24,-,0,44340,0股,100%
2015-03-20,,Cash,,,,,-761.01,,,,,,
2015-03-23,股票,同仁堂(600085.XSHG),多仓,443400股,443400股,23.92,10606128,744912,22.24,-,0,150756,0股,100%
2015-03-23,,Cash,,,,,-761.01,,,,,,
2015-03-24,股票,同仁堂(600085.XSHG),多仓,443400股,443400股,25.73,11408682,1547466,22.24,-,0,802554,0股,100%
2015-03-24,,Cash,,,,,-761.01,,,,,,
2015-03-25,股票,同仁堂(600085.XSHG),多仓,443400股,443400股,26.4,11705760,1844544,22.24,-,0,297078,0股,100%
2015-03-25,,Cash,,,,,-761.01,,,,,,
2015-03-26,股票,同仁堂(600085.XSHG),多仓,443400股,443400股,25.61,11355474,1494258,22.24,-,0,-350286,0股,100%
2015-03-26,,Cash,,,,,-761.01,,,,,,
2015-03-27,股票,同仁堂(600085.XSHG),多仓,443400股,443400股,25.61,11355474,1494258,22.24,-,0,0,0股,100%
2015-03-27,,Cash,,,,,-761.01,,,,,,
2015-03-30,股票,同仁堂(600085.XSHG),多仓,443400股,443400股,25.66,11377644,1516428,22.24,-,0,22170,0股,100%
2015-03-30,,Cash,,,,,-761.01,,,,,,
2015-03-31,股票,同仁堂(600085.XSHG),多仓,443400股,443400股,25.53,11320002,1458786,22.24,-,0,-57642,0股,100%
2015-03-31,,Cash,,,,,-761.01,,,,,,
2015-04-01,股票,同仁堂(600085.XSHG),多仓,443400股,443400股,25.86,11466324,1605108,22.24,-,0,146322,0股,100%
2015-04-01,,Cash,,,,,-761.01,,,,,,
2015-04-02,股票,同仁堂(600085.XSHG),多仓,443400股,443400股,25.9,11484060,1622844,22.24,-,0,17736,0股,100%
2015-04-02,,Cash,,,,,-761.01,,,,,,
2015-04-03,股票,同仁堂(600085.XSHG),多仓,443400股,443400股,26.75,11860950,1999734,22.24,-,0,376890,0股,100%
2015-04-03,,Cash,,,,,-761.01,,,,,,
2015-04-07,股票,同仁堂(600085.XSHG),多仓,443400股,443400股,28.17,12490578,2629362,22.24,-,0,629628,0股,100%
2015-04-07,,Cash,,,,,-761.01,,,,,,
2015-04-08,股票,同仁堂(600085.XSHG),多仓,443400股,443400股,28.57,12667938,2806722,22.24,-,0,177360,0股,100%
2015-04-08,,Cash,,,,,-761.01,,,,,,
2015-04-09,股票,同仁堂(600085.XSHG),多仓,443400股,443400股,29.05,12880770,3019554,22.24,-,0,212832,0股,100%
2015-04-09,,Cash,,,,,-761.01,,,,,,
2015-04-10,股票,同仁堂(600085.XSHG),多仓,443400股,443400股,29.83,13226622,3365406,22.24,-,0,345852,0股,100%
2015-04-10,,Cash,,,,,-761.01,,,,,,
2015-04-13,股票,同仁堂(600085.XSHG),多仓,443400股,443400股,31.06,13772004,3910788,22.24,-,0,545382,0股,100%
2015-04-13,,Cash,,,,,-761.01,,,,,,
2015-04-14,股票,同仁堂(600085.XSHG),多仓,443400股,443400股,33.15,14698710,4837494,22.24,-,0,926706,0股,100%
2015-04-14,,Cash,,,,,-761.01,,,,,,
2015-04-15,股票,同仁堂(600085.XSHG),多仓,443400股,443400股,30.99,13740966,3879750,22.24,-,0,-957744,0股,100%
2015-04-15,,Cash,,,,,-761.01,,,,,,
2015-04-16,股票,同仁堂(600085.XSHG),多仓,443400股,443400股,32.23,14290782,4429566,22.24,-,0,549816,0股,100%
2015-04-16,,Cash,,,,,-761.01,,,,,,
2015-04-17,股票,同仁堂(600085.XSHG),多仓,443400股,443400股,32.47,14397198,4535982,22.24,-,0,106416,0股,100%
2015-04-17,,Cash,,,,,-761.01,,,,,,
2015-04-20,股票,同仁堂(600085.XSHG),多仓,443400股,443400股,31.29,13873986,4012770,22.24,-,0,-523212,0股,100%
2015-04-20,,Cash,,,,,-761.01,,,,,,
2015-04-21,股票,同仁堂(600085.XSHG),多仓,443400股,443400股,32.19,14273046,4411830,22.24,-,0,399060,0股,100%
2015-04-21,,Cash,,,,,-761.01,,,,,,
2015-04-22,股票,同仁堂(600085.XSHG),多仓,443400股,443400股,32.8,14543520,4682304,22.24,-,0,270474,0股,100%
2015-04-22,,Cash,,,,,-761.01,,,,,,
2015-04-23,股票,同仁堂(600085.XSHG),多仓,443400股,443400股,32.34,14339556,4478340,22.24,-,0,-203964,0股,100%
2015-04-23,,Cash,,,,,-761.01,,,,,,
2015-04-24,股票,同仁堂(600085.XSHG),多仓,443400股,443400股,31.44,13940496,4079280,22.24,-,0,-399060,0股,100%
2015-04-24,,Cash,,,,,-761.01,,,,,,
2015-04-27,股票,同仁堂(600085.XSHG),多仓,443400股,443400股,32.02,14197668,4336452,22.24,-,0,257172,0股,100%
2015-04-27,,Cash,,,,,-761.01,,,,,,
2015-04-28,股票,同仁堂(600085.XSHG),多仓,443400股,443400股,32.59,14450406,4589190,22.24,-,0,252738,0股,100%
2015-04-28,,Cash,,,,,-761.01,,,,,,
2015-04-29,股票,同仁堂(600085.XSHG),多仓,443400股,443400股,32.45,14388330,4527114,22.24,-,0,-62076,0股,100%
2015-04-29,,Cash,,,,,-761.01,,,,,,
2015-04-30,股票,同仁堂(600085.XSHG),多仓,443400股,443400股,31.51,13971534,4110318,22.24,-,0,-416796,0股,100%
2015-04-30,,Cash,,,,,-761.01,,,,,,
2015-05-04,股票,同仁堂(600085.XSHG),多仓,443400股,443400股,30.56,13550304,3689088,22.24,-,0,-421230,0股,100%
2015-05-04,,Cash,,,,,-761.01,,,,,,
2015-05-05,股票,同仁堂(600085.XSHG),多仓,443400股,443400股,29.88,13248792,3387576,22.24,-,0,-301512,0股,100%
2015-05-05,,Cash,,,,,-761.01,,,,,,
2015-05-06,股票,同仁堂(600085.XSHG),多仓,443400股,443400股,29.47,13066998,3205782,22.24,-,0,-181794,0股,100%
2015-05-06,,Cash,,,,,-761.01,,,,,,
2015-05-07,股票,同仁堂(600085.XSHG),多仓,443400股,443400股,28.77,12756618,2895402,22.24,-,0,-310380,0股,100%
2015-05-07,,Cash,,,,,-761.01,,,,,,
2015-05-08,股票,同仁堂(600085.XSHG),多仓,443400股,443400股,30.32,13443888,3582672,22.24,-,0,687270,0股,100%
2015-05-08,,Cash,,,,,-761.01,,,,,,
2015-05-11,股票,同仁堂(600085.XSHG),多仓,443400股,443400股,32.26,14304084,4442868,22.24,-,0,860196,0股,100%
2015-05-11,,Cash,,,,,-761.01,,,,,,
2015-05-12,股票,同仁堂(600085.XSHG),多仓,443400股,443400股,31.88,14135592,4274376,22.24,-,0,-168492,0股,100%
2015-05-12,,Cash,,,,,-761.01,,,,,,
2015-05-13,,Cash,,,,,14014605.3,,,,,,
2015-05-14,,Cash,,,,,14014605.3,,,,,,
2015-05-15,,Cash,,,,,14014605.3,,,,,,
2015-05-18,,Cash,,,,,14014605.3,,,,,,
2015-05-19,,Cash,,,,,14014605.3,,,,,,
2015-05-20,股票,同仁堂(600085.XSHG),多仓,453600股,453600股,31.13,14120568,90720,30.93,-,0,90720,0股,100%
2015-05-20,,Cash,,,,,-19451.65,,,,,,
2015-05-21,股票,同仁堂(600085.XSHG),多仓,453600股,453600股,32.26,14633136,603288,30.93,-,0,512568,0股,100%
2015-05-21,,Cash,,,,,-19451.65,,,,,,
2015-05-22,股票,同仁堂(600085.XSHG),多仓,453600股,453600股,32.37,14683032,653184,30.93,-,0,49896,0股,100%
2015-05-22,,Cash,,,,,-19451.65,,,,,,
2015-05-25,股票,同仁堂(600085.XSHG),多仓,453600股,453600股,35.6,16148160,2118312,30.93,-,0,1465128,0股,100%
2015-05-25,,Cash,,,,,-19451.65,,,,,,
2015-05-26,股票,同仁堂(600085.XSHG),多仓,453600股,453600股,35.78,16229808,2199960,30.93,-,0,81648,0股,100%
2015-05-26,,Cash,,,,,-19451.65,,,,,,
2015-05-27,股票,同仁堂(600085.XSHG),多仓,453100股,453100股,37.87,17158897,3144514,30.93,-,0,946979,0股,100%
2015-05-27,,Cash,,,,,-1594.89,,,,,,
2015-05-28,股票,同仁堂(600085.XSHG),多仓,453100股,453100股,36.04,16329724,2315341,30.93,-,0,-829173,0股,100%
2015-05-28,,Cash,,,,,-1594.89,,,,,,
2015-05-29,股票,同仁堂(600085.XSHG),多仓,453100股,453100股,37.5,16991250,2976867,30.93,-,0,661526,0股,100%
2015-05-29,,Cash,,,,,-1594.89,,,,,,
2015-06-01,股票,同仁堂(600085.XSHG),多仓,453100股,453100股,40.96,18558976,4544593,30.93,-,0,1567726,0股,100%
2015-06-01,,Cash,,,,,-1594.89,,,,,,
2015-06-02,股票,同仁堂(600085.XSHG),多仓,453100股,453100股,41.53,18817243,4802860,30.93,-,0,258267,0股,100%
2015-06-02,,Cash,,,,,-1594.89,,,,,,
2015-06-03,股票,同仁堂(600085.XSHG),多仓,453100股,453100股,41.8,18939580,4925197,30.93,-,0,122337,0股,100%
2015-06-03,,Cash,,,,,-1594.89,,,,,,
2015-06-04,股票,同仁堂(600085.XSHG),多仓,453100股,453100股,41.39,18753809,4739426,30.93,-,0,-185771,0股,100%
2015-06-04,,Cash,,,,,-1594.89,,,,,,
2015-06-05,股票,同仁堂(600085.XSHG),多仓,453100股,453100股,41.79,18935049,4920666,30.93,-,0,181240,0股,100%
2015-06-05,,Cash,,,,,-1594.89,,,,,,
2015-06-08,股票,同仁堂(600085.XSHG),多仓,453100股,453100股,41.5,18803650,4789267,30.93,-,0,-131399,0股,100%
2015-06-08,,Cash,,,,,-1594.89,,,,,,
2015-06-09,股票,同仁堂(600085.XSHG),多仓,453100股,453100股,40.46,18332426,4318043,30.93,-,0,-471224,0股,100%
2015-06-09,,Cash,,,,,-1594.89,,,,,,
2015-06-10,股票,同仁堂(600085.XSHG),多仓,453100股,453100股,40.14,18187434,4173051,30.93,-,0,-144992,0股,100%
2015-06-10,,Cash,,,,,-1594.89,,,,,,
2015-06-11,股票,同仁堂(600085.XSHG),多仓,453100股,453100股,40.71,18445701,4431318,30.93,-,0,258267,0股,100%
2015-06-11,,Cash,,,,,-1594.89,,,,,,
2015-06-12,股票,同仁堂(600085.XSHG),多仓,453100股,453100股,41.18,18658658,4644275,30.93,-,0,212957,0股,100%
2015-06-12,,Cash,,,,,-1594.89,,,,,,
2015-06-15,股票,同仁堂(600085.XSHG),多仓,453100股,453100股,42.15,19098165,5083782,30.93,-,0,439507,0股,100%
2015-06-15,,Cash,,,,,-1594.89,,,,,,
2015-06-16,股票,同仁堂(600085.XSHG),多仓,453100股,453100股,39.45,17874795,3860412,30.93,-,0,-1223370,0股,100%
2015-06-16,,Cash,,,,,-1594.89,,,,,,
2015-06-17,,Cash,,,,,17773036.01,,,,,,
2015-06-18,,Cash,,,,,17773036.01,,,,,,
2015-06-19,,Cash,,,,,17773036.01,,,,,,
2015-06-23,,Cash,,,,,17773036.01,,,,,,
2015-06-24,,Cash,,,,,17773036.01,,,,,,
2015-06-25,,Cash,,,,,17773036.01,,,,,,
2015-06-26,,Cash,,,,,17773036.01,,,,,,
2015-06-29,,Cash,,,,,17773036.01,,,,,,
2015-06-30,,Cash,,,,,17773036.01,,,,,,
2015-07-01,,Cash,,,,,17773036.01,,,,,,
2015-07-02,,Cash,,,,,17773036.01,,,,,,
2015-07-03,,Cash,,,,,17773036.01,,,,,,
2015-07-06,,Cash,,,,,17773036.01,,,,,,
2015-07-07,,Cash,,,,,17773036.01,,,,,,
2015-07-08,股票,同仁堂(600085.XSHG),多仓,805600股,805600股,22.06,17771536,-24168,22.09,-,0,-24168,0股,100%
2015-07-08,,Cash,,,,,-28006.7,,,,,,
2015-07-09,股票,同仁堂(600085.XSHG),多仓,805600股,805600股,24.27,19551912,1756208,22.09,-,0,1780376,0股,100%
2015-07-09,,Cash,,,,,-28006.7,,,,,,
2015-07-10,股票,同仁堂(600085.XSHG),多仓,805600股,805600股,26.69,21501464,3705760,22.09,-,0,1949552,0股,100%
2015-07-10,,Cash,,,,,-28006.7,,,,,,
2015-07-13,股票,同仁堂(600085.XSHG),多仓,805600股,805600股,29.36,23652416,5856712,22.09,-,0,2150952,0股,100%
2015-07-13,,Cash,,,,,-28006.7,,,,,,
2015-07-14,股票,同仁堂(600085.XSHG),多仓,805600股,805600股,28.95,23322120,5526416,22.09,-,0,-330296,0股,100%
2015-07-14,,Cash,,,,,-28006.7,,,,,,
2015-07-15,,Cash,,,,,22531651.57,,,,,,
2015-07-16,,Cash,,,,,22531651.57,,,,,,
2015-07-17,,Cash,,,,,22531651.57,,,,,,
2015-07-20,,Cash,,,,,22531651.57,,,,,,
2015-07-21,,Cash,,,,,22531651.57,,,,,,
2015-07-22,股票,同仁堂(600085.XSHG),多仓,768400股,768400股,29.1,22360440,-199784,29.36,-,0,-199784,0股,100%
2015-07-22,,Cash,,,,,-35340.5,,,,,,
2015-07-23,股票,同仁堂(600085.XSHG),多仓,768400股,768400股,30.48,23420832,860608,29.36,-,0,1060392,0股,100%
2015-07-23,,Cash,,,,,-35340.5,,,,,,
2015-07-24,股票,同仁堂(600085.XSHG),多仓,768400股,768400股,30.06,23098104,537880,29.36,-,0,-322728,0股,100%
2015-07-24,,Cash,,,,,-35340.5,,,,,,
2015-07-27,股票,同仁堂(600085.XSHG),多仓,768400股,768400股,27.07,20800588,-1759636,29.36,-,0,-2297516,0股,100%
2015-07-27,,Cash,,,,,-35340.5,,,,,,
2015-07-28,股票,同仁堂(600085.XSHG),多仓,768400股,768400股,27.67,21261628,-1298596,29.36,-,0,461040,0股,100%
2015-07-28,,Cash,,,,,-35340.5,,,,,,
2015-07-29,,Cash,,,,,21267713.48,,,,,,
2015-07-30,,Cash,,,,,21267713.48,,,,,,
2015-07-31,,Cash,,,,,21267713.48,,,,,,
2015-08-03,,Cash,,,,,21267713.48,,,,,,
2015-08-04,,Cash,,,,,21267713.48,,,,,,
2015-08-05,,Cash,,,,,21267713.48,,,,,,
2015-08-06,,Cash,,,,,21267713.48,,,,,,
2015-08-07,,Cash,,,,,21267713.48,,,,,,
2015-08-10,,Cash,,,,,21267713.48,,,,,,
2015-08-11,,Cash,,,,,21267713.48,,,,,,
2015-08-12,,Cash,,,,,21267713.48,,,,,,
2015-08-13,,Cash,,,,,21267713.48,,,,,,
2015-08-14,,Cash,,,,,21267713.48,,,,,,
2015-08-17,,Cash,,,,,21267713.48,,,,,,
2015-08-18,,Cash,,,,,21267713.48,,,,,,
2015-08-19,股票,同仁堂(600085.XSHG),多仓,772200股,772200股,29.14,22501908,1212354,27.57,-,0,1212354,0股,100%
2015-08-19,,Cash,,,,,-28227.39,,,,,,
2015-08-20,股票,同仁堂(600085.XSHG),多仓,772200股,772200股,28.4,21930480,640926,27.57,-,0,-571428,0股,100%
2015-08-20,,Cash,,,,,-28227.39,,,,,,
2015-08-21,股票,同仁堂(600085.XSHG),多仓,772200股,772200股,26.62,20555964,-733590,27.57,-,0,-1374516,0股,100%
2015-08-21,,Cash,,,,,-28227.39,,,,,,
2015-08-24,股票,同仁堂(600085.XSHG),多仓,772200股,772200股,23.96,18501912,-2787642,27.57,-,0,-2054052,0股,100%
2015-08-24,,Cash,,,,,-28227.39,,,,,,
2015-08-25,股票,同仁堂(600085.XSHG),多仓,772200股,772200股,21.57,16656354,-4633200,27.57,-,0,-1845558,0股,100%
2015-08-25,,Cash,,,,,-28227.39,,,,,,
2015-08-26,股票,同仁堂(600085.XSHG),多仓,770900股,770900股,22.14,17067726,-4185987,27.57,-,0,439413,0股,100%
2015-08-26,,Cash,,,,,-93.01,,,,,,
2015-08-27,股票,同仁堂(600085.XSHG),多仓,770900股,770900股,23.63,18216367,-3037346,27.57,-,0,1148641,0股,100%
2015-08-27,,Cash,,,,,-93.01,,,,,,
2015-08-28,股票,同仁堂(600085.XSHG),多仓,770900股,770900股,24.77,19095193,-2158520,27.57,-,0,878826,0股,100%
2015-08-28,,Cash,,,,,-93.01,,,,,,
2015-08-31,股票,同仁堂(600085.XSHG),多仓,770900股,770900股,24.45,18848505,-2405208,27.57,-,0,-246688,0股,100%
2015-08-31,,Cash,,,,,-93.01,,,,,,
2015-09-01,股票,同仁堂(600085.XSHG),多仓,770900股,770900股,23.68,18254912,-2998801,27.57,-,0,-593593,0股,100%
2015-09-01,,Cash,,,,,-93.01,,,,,,
2015-09-02,股票,同仁堂(600085.XSHG),多仓,770900股,770900股,23.76,18316584,-2937129,27.57,-,0,61672,0股,100%
2015-09-02,,Cash,,,,,-93.01,,,,,,
2015-09-07,股票,同仁堂(600085.XSHG),多仓,770900股,770900股,23.2,17884880,-3368833,27.57,-,0,-431704,0股,100%
2015-09-07,,Cash,,,,,-93.01,,,,,,
2015-09-08,股票,同仁堂(600085.XSHG),多仓,770900股,770900股,24.02,18517018,-2736695,27.57,-,0,632138,0股,100%
2015-09-08,,Cash,,,,,-93.01,,,,,,
2015-09-09,,Cash,,,,,18631434.48,,,,,,
2015-09-10,,Cash,,,,,18631434.48,,,,,,
2015-09-11,,Cash,,,,,18631434.48,,,,,,
2015-09-14,,Cash,,,,,18631434.48,,,,,,
2015-09-15,,Cash,,,,,18631434.48,,,,,,
2015-09-16,,Cash,,,,,18631434.48,,,,,,
2015-09-17,,Cash,,,,,18631434.48,,,,,,
2015-09-18,,Cash,,,,,18631434.48,,,,,,
2015-09-21,,Cash,,,,,18631434.48,,,,,,
2015-09-22,,Cash,,,,,18631434.48,,,,,,
2015-09-23,,Cash,,,,,18631434.48,,,,,,
2015-09-24,,Cash,,,,,18631434.48,,,,,,
2015-09-25,,Cash,,,,,18631434.48,,,,,,
2015-09-28,,Cash,,,,,18631434.48,,,,,,
2015-09-29,,Cash,,,,,18631434.48,,,,,,
2015-09-30,股票,同仁堂(600085.XSHG),多仓,847200股,847200股,22.14,18757008,101664,22.02,-,0,101664,0股,100%
2015-09-30,,Cash,,,,,-29506.12,,,,,,
2015-10-08,股票,同仁堂(600085.XSHG),多仓,847200股,847200股,23.59,19985448,1330104,22.02,-,0,1228440,0股,100%
2015-10-08,,Cash,,,,,-29506.12,,,,,,
2015-10-09,,Cash,,,,,19955343.76,,,,,,
2015-10-12,,Cash,,,,,19955343.76,,,,,,
2015-10-13,,Cash,,,,,19955343.76,,,,,,
2015-10-14,股票,同仁堂(600085.XSHG),多仓,803600股,803600股,24.55,19728380,-249116,24.86,-,0,-249116,0股,100%
2015-10-14,,Cash,,,,,-28145.49,,,,,,
2015-10-15,股票,同仁堂(600085.XSHG),多仓,803600股,803600股,25.12,20186432,208936,24.86,-,0,458052,0股,100%
2015-10-15,,Cash,,,,,-28145.49,,,,,,
2015-10-16,股票,同仁堂(600085.XSHG),多仓,803600股,803600股,25.57,20548052,570556,24.86,-,0,361620,0股,100%
2015-10-16,,Cash,,,,,-28145.49,,,,,,
2015-10-19,股票,同仁堂(600085.XSHG),多仓,803600股,803600股,24.87,19985532,8036,24.86,-,0,-562520,0股,100%
2015-10-19,,Cash,,,,,-28145.49,,,,,,
2015-10-20,股票,同仁堂(600085.XSHG),多仓,803600股,803600股,25.48,20475728,498232,24.86,-,0,490196,0股,100%
2015-10-20,,Cash,,,,,-28145.49,,,,,,
2015-10-21,股票,同仁堂(600085.XSHG),多仓,802500股,802500股,24.67,19797675,-152475,24.86,-,0,-650025,0股,100%
2015-10-21,,Cash,,,,,-153.93,,,,,,
2015-10-22,股票,同仁堂(600085.XSHG),多仓,802500股,802500股,25.21,20231025,280875,24.86,-,0,433350,0股,100%
2015-10-22,,Cash,,,,,-153.93,,,,,,
2015-10-23,股票,同仁堂(600085.XSHG),多仓,802500股,802500股,26.43,21210075,1259925,24.86,-,0,979050,0股,100%
2015-10-23,,Cash,,,,,-153.93,,,,,,
2015-10-26,股票,同仁堂(600085.XSHG),多仓,802500股,802500股,26.59,21338475,1388325,24.86,-,0,128400,0股,100%
2015-10-26,,Cash,,,,,-153.93,,,,,,
2015-10-27,股票,同仁堂(600085.XSHG),多仓,802500股,802500股,26.42,21202050,1251900,24.86,-,0,-136425,0股,100%
2015-10-27,,Cash,,,,,-153.93,,,,,,
2015-10-28,股票,同仁堂(600085.XSHG),多仓,802500股,802500股,25.62,20560050,609900,24.86,-,0,-642000,0股,100%
2015-10-28,,Cash,,,,,-153.93,,,,,,
2015-10-29,股票,同仁堂(600085.XSHG),多仓,802500股,802500股,25.59,20535975,585825,24.86,-,0,-24075,0股,100%
2015-10-29,,Cash,,,,,-153.93,,,,,,
2015-10-30,股票,同仁堂(600085.XSHG),多仓,802500股,802500股,25.21,20231025,280875,24.86,-,0,-304950,0股,100%
2015-10-30,,Cash,,,,,-153.93,,,,,,
2015-11-02,股票,同仁堂(600085.XSHG),多仓,802500股,802500股,24.7,19821750,-128400,24.86,-,0,-409275,0股,100%
2015-11-02,,Cash,,,,,-153.93,,,,,,
2015-11-03,股票,同仁堂(600085.XSHG),多仓,802500股,802500股,24.62,19757550,-192600,24.86,-,0,-64200,0股,100%
2015-11-03,,Cash,,,,,-153.93,,,,,,
2015-11-04,股票,同仁堂(600085.XSHG),多仓,802500股,802500股,25.61,20552025,601875,24.86,-,0,794475,0股,100%
2015-11-04,,Cash,,,,,-153.93,,,,,,
2015-11-05,股票,同仁堂(600085.XSHG),多仓,802500股,802500股,26.3,21105750,1155600,24.86,-,0,553725,0股,100%
2015-11-05,,Cash,,,,,-153.93,,,,,,
2015-11-06,股票,同仁堂(600085.XSHG),多仓,802500股,802500股,26.6,21346500,1396350,24.86,-,0,240750,0股,100%
2015-11-06,,Cash,,,,,-153.93,,,,,,
2015-11-09,股票,同仁堂(600085.XSHG),多仓,802500股,802500股,27.1,21747750,1797600,24.86,-,0,401250,0股,100%
2015-11-09,,Cash,,,,,-153.93,,,,,,
2015-11-10,股票,同仁堂(600085.XSHG),多仓,802500股,802500股,26.72,21442800,1492650,24.86,-,0,-304950,0股,100%
2015-11-10,,Cash,,,,,-153.93,,,,,,
2015-11-11,股票,同仁堂(600085.XSHG),多仓,802500股,802500股,26.61,21354525,1404375,24.86,-,0,-88275,0股,100%
2015-11-11,,Cash,,,,,-153.93,,,,,,
2015-11-12,股票,同仁堂(600085.XSHG),多仓,802500股,802500股,26.78,21490950,1540800,24.86,-,0,136425,0股,100%
2015-11-12,,Cash,,,,,-153.93,,,,,,
2015-11-13,股票,同仁堂(600085.XSHG),多仓,802500股,802500股,25.86,20752650,802500,24.86,-,0,-738300,0股,100%
2015-11-13,,Cash,,,,,-153.93,,,,,,
2015-11-16,股票,同仁堂(600085.XSHG),多仓,802500股,802500股,25.94,20816850,866700,24.86,-,0,64200,0股,100%
2015-11-16,,Cash,,,,,-153.93,,,,,,
2015-11-17,股票,同仁堂(600085.XSHG),多仓,802500股,802500股,25.98,20848950,898800,24.86,-,0,32100,0股,100%
2015-11-17,,Cash,,,,,-153.93,,,,,,
2015-11-18,股票,同仁堂(600085.XSHG),多仓,802500股,802500股,26.24,21057600,1107450,24.86,-,0,208650,0股,100%
2015-11-18,,Cash,,,,,-153.93,,,,,,
2015-11-19,股票,同仁堂(600085.XSHG),多仓,802500股,802500股,27.54,22100850,2150700,24.86,-,0,1043250,0股,100%
2015-11-19,,Cash,,,,,-153.93,,,,,,
2015-11-20,股票,同仁堂(600085.XSHG),多仓,802500股,802500股,27.12,21763800,1813650,24.86,-,0,-337050,0股,100%
2015-11-20,,Cash,,,,,-153.93,,,,,,
2015-11-23,股票,同仁堂(600085.XSHG),多仓,802500股,802500股,26.68,21410700,1460550,24.86,-,0,-353100,0股,100%
2015-11-23,,Cash,,,,,-153.93,,,,,,
2015-11-24,股票,同仁堂(600085.XSHG),多仓,802500股,802500股,26.41,21194025,1243875,24.86,-,0,-216675,0股,100%
2015-11-24,,Cash,,,,,-153.93,,,,,,
2015-11-25,股票,同仁堂(600085.XSHG),多仓,802500股,802500股,26.59,21338475,1388325,24.86,-,0,144450,0股,100%
2015-11-25,,Cash,,,,,-153.93,,,,,,
2015-11-26,股票,同仁堂(600085.XSHG),多仓,802500股,802500股,26.2,21025500,1075350,24.86,-,0,-312975,0股,100%
2015-11-26,,Cash,,,,,-153.93,,,,,,
2015-11-27,股票,同仁堂(600085.XSHG),多仓,802500股,802500股,25.19,20214975,264825,24.86,-,0,-810525,0股,100%
2015-11-27,,Cash,,,,,-153.93,,,,,,
2015-11-30,股票,同仁堂(600085.XSHG),多仓,802500股,802500股,26.2,21025500,1075350,24.86,-,0,810525,0股,100%
2015-11-30,,Cash,,,,,-153.93,,,,,,
2015-12-01,股票,同仁堂(600085.XSHG),多仓,802500股,802500股,27.79,22301475,2351325,24.86,-,0,1275975,0股,100%
2015-12-01,,Cash,,,,,-153.93,,,,,,
2015-12-02,股票,同仁堂(600085.XSHG),多仓,802500股,802500股,28.31,22718775,2768625,24.86,-,0,417300,0股,100%
2015-12-02,,Cash,,,,,-153.93,,,,,,
2015-12-03,股票,同仁堂(600085.XSHG),多仓,802500股,802500股,28.53,22895325,2945175,24.86,-,0,176550,0股,100%
2015-12-03,,Cash,,,,,-153.93,,,,,,
2015-12-04,股票,同仁堂(600085.XSHG),多仓,802500股,802500股,27.79,22301475,2351325,24.86,-,0,-593850,0股,100%
2015-12-04,,Cash,,,,,-153.93,,,,,,
2015-12-07,股票,同仁堂(600085.XSHG),多仓,802500股,802500股,30.57,24532425,4582275,24.86,-,0,2230950,0股,100%
2015-12-07,,Cash,,,,,-153.93,,,,,,
2015-12-08,股票,同仁堂(600085.XSHG),多仓,802500股,802500股,33.04,26514600,6564450,24.86,-,0,1982175,0股,100%
2015-12-08,,Cash,,,,,-153.93,,,,,,
2015-12-09,股票,同仁堂(600085.XSHG),多仓,802500股,802500股,33.05,26522625,6572475,24.86,-,0,8025,0股,100%
2015-12-09,,Cash,,,,,-153.93,,,,,,
2015-12-10,股票,同仁堂(600085.XSHG),多仓,802500股,802500股,32.97,26458425,6508275,24.86,-,0,-64200,0股,100%
2015-12-10,,Cash,,,,,-153.93,,,,,,
2015-12-11,股票,同仁堂(600085.XSHG),多仓,802500股,802500股,34.02,27301050,7350900,24.86,-,0,842625,0股,100%
2015-12-11,,Cash,,,,,-153.93,,,,,,
2015-12-14,股票,同仁堂(600085.XSHG),多仓,802500股,802500股,34.82,27943050,7992900,24.86,-,0,642000,0股,100%
2015-12-14,,Cash,,,,,-153.93,,,,,,
2015-12-15,股票,同仁堂(600085.XSHG),多仓,802500股,802500股,34.03,27309075,7358925,24.86,-,0,-633975,0股,100%
2015-12-15,,Cash,,,,,-153.93,,,,,,
2015-12-16,股票,同仁堂(600085.XSHG),多仓,802500股,802500股,33.19,26634975,6684825,24.86,-,0,-674100,0股,100%
2015-12-16,,Cash,,,,,-153.93,,,,,,
2015-12-17,股票,同仁堂(600085.XSHG),多仓,802500股,802500股,36.51,29299275,9349125,24.86,-,0,2664300,0股,100%
2015-12-17,,Cash,,,,,-153.93,,,,,,
2015-12-18,股票,同仁堂(600085.XSHG),多仓,802500股,802500股,36.42,29227050,9276900,24.86,-,0,-72225,0股,100%
2015-12-18,,Cash,,,,,-153.93,,,,,,
2015-12-21,股票,同仁堂(600085.XSHG),多仓,802500股,802500股,40.06,32148150,12198000,24.86,-,0,2921100,0股,100%
2015-12-21,,Cash,,,,,-153.93,,,,,,
2015-12-22,股票,同仁堂(600085.XSHG),多仓,802500股,802500股,40.49,32493225,12543075,24.86,-,0,345075,0股,100%
2015-12-22,,Cash,,,,,-153.93,,,,,,
2015-12-23,,Cash,,,,,33204199.22,,,,,,
2015-12-24,,Cash,,,,,33204199.22,,,,,,
2015-12-25,,Cash,,,,,33204199.22,,,,,,
2015-12-28,,Cash,,,,,33204199.22,,,,,,
2015-12-29,,Cash,,,,,33204199.22,,,,,,
2015-12-30,,Cash,,,,,33204199.22,,,,,,
2015-12-31,,Cash,,,,,33204199.22,,,,,,
2016-01-04,,Cash,,,,,33204199.22,,,,,,
2016-01-05,,Cash,,,,,33204199.22,,,,,,
2016-01-06,,Cash,,,,,33204199.22,,,,,,
2016-01-07,,Cash,,,,,33204199.22,,,,,,
2016-01-08,,Cash,,,,,33204199.22,,,,,,
2016-01-11,,Cash,,,,,33204199.22,,,,,,
2016-01-12,,Cash,,,,,33204199.22,,,,,,
2016-01-13,,Cash,,,,,33204199.22,,,,,,
2016-01-14,,Cash,,,,,33204199.22,,,,,,
2016-01-15,,Cash,,,,,33204199.22,,,,,,
2016-01-18,,Cash,,,,,33204199.22,,,,,,
2016-01-19,,Cash,,,,,33204199.22,,,,,,
2016-01-20,,Cash,,,,,33204199.22,,,,,,
2016-01-21,,Cash,,,,,33204199.22,,,,,,
2016-01-22,,Cash,,,,,33204199.22,,,,,,
2016-01-25,,Cash,,,,,33204199.22,,,,,,
2016-01-26,,Cash,,,,,33204199.22,,,,,,
2016-01-27,,Cash,,,,,33204199.22,,,,,,
2016-01-28,,Cash,,,,,33204199.22,,,,,,
2016-01-29,,Cash,,,,,33204199.22,,,,,,
2016-02-01,,Cash,,,,,33204199.22,,,,,,
2016-02-02,,Cash,,,,,33204199.22,,,,,,
2016-02-03,,Cash,,,,,33204199.22,,,,,,
2016-02-04,,Cash,,,,,33204199.22,,,,,,
2016-02-05,,Cash,,,,,33204199.22,,,,,,
2016-02-15,,Cash,,,,,33204199.22,,,,,,
2016-02-16,,Cash,,,,,33204199.22,,,,,,
2016-02-17,,Cash,,,,,33204199.22,,,,,,
2016-02-18,,Cash,,,,,33204199.22,,,,,,
2016-02-19,,Cash,,,,,33204199.22,,,,,,
2016-02-22,,Cash,,,,,33204199.22,,,,,,
2016-02-23,,Cash,,,,,33204199.22,,,,,,
2016-02-24,股票,同仁堂(600085.XSHG),多仓,1097600股,1097600股,29.85,32763360,-482944,30.29,-,0,-482944,0股,100%
2016-02-24,,Cash,,,,,-52078.67,,,,,,
2016-02-25,股票,同仁堂(600085.XSHG),多仓,1097600股,1097600股,28.14,30886464,-2359840,30.29,-,0,-1876896,0股,100%
2016-02-25,,Cash,,,,,-52078.67,,,,,,
2016-02-26,股票,同仁堂(600085.XSHG),多仓,1097600股,1097600股,28.11,30853536,-2392768,30.29,-,0,-32928,0股,100%
2016-02-26,,Cash,,,,,-52078.67,,,,,,
2016-02-29,股票,同仁堂(600085.XSHG),多仓,1097600股,1097600股,26.75,29360800,-3885504,30.29,-,0,-1492736,0股,100%
2016-02-29,,Cash,,,,,-52078.67,,,,,,
2016-03-01,股票,同仁堂(600085.XSHG),多仓,1097600股,1097600股,26.96,29591296,-3655008,30.29,-,0,230496,0股,100%
2016-03-01,,Cash,,,,,-52078.67,,,,,,
2016-03-02,股票,同仁堂(600085.XSHG),多仓,1095700股,1095700股,27.85,30515245,-2673508,30.29,-,0,975173,0股,100%
2016-03-02,,Cash,,,,,-902.29,,,,,,
2016-03-03,股票,同仁堂(600085.XSHG),多仓,1095700股,1095700股,27.8,30460460,-2728293,30.29,-,0,-54785,0股,100%
2016-03-03,,Cash,,,,,-902.29,,,,,,
2016-03-04,股票,同仁堂(600085.XSHG),多仓,1095700股,1095700股,28.58,31315106,-1873647,30.29,-,0,854646,0股,100%
2016-03-04,,Cash,,,,,-902.29,,,,,,
2016-03-07,股票,同仁堂(600085.XSHG),多仓,1095700股,1095700股,28.37,31085009,-2103744,30.29,-,0,-230097,0股,100%
2016-03-07,,Cash,,,,,-902.29,,,,,,
2016-03-08,股票,同仁堂(600085.XSHG),多仓,1095700股,1095700股,28.08,30767256,-2421497,30.29,-,0,-317753,0股,100%
2016-03-08,,Cash,,,,,-902.29,,,,,,
2016-03-09,股票,同仁堂(600085.XSHG),多仓,1095700股,1095700股,27.84,30504288,-2684465,30.29,-,0,-262968,0股,100%
2016-03-09,,Cash,,,,,-902.29,,,,,,
2016-03-10,股票,同仁堂(600085.XSHG),多仓,1095700股,1095700股,27.24,29846868,-3341885,30.29,-,0,-657420,0股,100%
2016-03-10,,Cash,,,,,-902.29,,,,,,
2016-03-11,股票,同仁堂(600085.XSHG),多仓,1095700股,1095700股,27.06,29649642,-3539111,30.29,-,0,-197226,0股,100%
2016-03-11,,Cash,,,,,-902.29,,,,,,
2016-03-14,股票,同仁堂(600085.XSHG),多仓,1095700股,1095700股,27.65,30296105,-2892648,30.29,-,0,646463,0股,100%
2016-03-14,,Cash,,,,,-902.29,,,,,,
2016-03-15,股票,同仁堂(600085.XSHG),多仓,1095700股,1095700股,27.49,30120793,-3067960,30.29,-,0,-175312,0股,100%
2016-03-15,,Cash,,,,,-902.29,,,,,,
2016-03-16,股票,同仁堂(600085.XSHG),多仓,1095700股,1095700股,28.05,30734385,-2454368,30.29,-,0,613592,0股,100%
2016-03-16,,Cash,,,,,-902.29,,,,,,
2016-03-17,股票,同仁堂(600085.XSHG),多仓,1095700股,1095700股,28.39,31106923,-2081830,30.29,-,0,372538,0股,100%
2016-03-17,,Cash,,,,,-902.29,,,,,,
2016-03-18,股票,同仁堂(600085.XSHG),多仓,1095700股,1095700股,28.65,31391805,-1796948,30.29,-,0,284882,0股,100%
2016-03-18,,Cash,,,,,-902.29,,,,,,
2016-03-21,股票,同仁堂(600085.XSHG),多仓,1095700股,1095700股,29.2,31994440,-1194313,30.29,-,0,602635,0股,100%
2016-03-21,,Cash,,,,,-902.29,,,,,,
2016-03-22,股票,同仁堂(600085.XSHG),多仓,1095700股,1095700股,28.55,31282235,-1906518,30.29,-,0,-712205,0股,100%
2016-03-22,,Cash,,,,,-902.29,,,,,,
2016-03-23,股票,同仁堂(600085.XSHG),多仓,1095700股,1095700股,28.5,31227450,-1961303,30.29,-,0,-54785,0股,100%
2016-03-23,,Cash,,,,,-902.29,,,,,,
2016-03-24,股票,同仁堂(600085.XSHG),多仓,1095700股,1095700股,28.02,30701514,-2487239,30.29,-,0,-525936,0股,100%
2016-03-24,,Cash,,,,,-902.29,,,,,,
2016-03-25,股票,同仁堂(600085.XSHG),多仓,1095700股,1095700股,28.76,31512332,-1676421,30.29,-,0,810818,0股,100%
2016-03-25,,Cash,,,,,-902.29,,,,,,
2016-03-28,股票,同仁堂(600085.XSHG),多仓,1095700股,1095700股,28.93,31698601,-1490152,30.29,-,0,186269,0股,100%
2016-03-28,,Cash,,,,,-902.29,,,,,,
2016-03-29,股票,同仁堂(600085.XSHG),多仓,1095700股,1095700股,28.35,31063095,-2125658,30.29,-,0,-635506,0股,100%
2016-03-29,,Cash,,,,,-902.29,,,,,,
2016-03-30,股票,同仁堂(600085.XSHG),多仓,1095700股,1095700股,30.1,32980570,-208183,30.29,-,0,1917475,0股,100%
2016-03-30,,Cash,,,,,-902.29,,,,,,
2016-03-31,股票,同仁堂(600085.XSHG),多仓,1095700股,1095700股,29.73,32575161,-613592,30.29,-,0,-405409,0股,100%
2016-03-31,,Cash,,,,,-902.29,,,,,,
2016-04-01,股票,同仁堂(600085.XSHG),多仓,1095700股,1095700股,29.36,32169752,-1019001,30.29,-,0,-405409,0股,100%
2016-04-01,,Cash,,,,,-902.29,,,,,,
2016-04-05,股票,同仁堂(600085.XSHG),多仓,1095700股,1095700股,29.76,32608032,-580721,30.29,-,0,438280,0股,100%
2016-04-05,,Cash,,,,,-902.29,,,,,,
2016-04-06,股票,同仁堂(600085.XSHG),多仓,1095700股,1095700股,29.61,32443677,-745076,30.29,-,0,-164355,0股,100%
2016-04-06,,Cash,,,,,-902.29,,,,,,
2016-04-07,股票,同仁堂(600085.XSHG),多仓,1095700股,1095700股,29.39,32202623,-986130,30.29,-,0,-241054,0股,100%
2016-04-07,,Cash,,,,,-902.29,,,,,,
2016-04-08,股票,同仁堂(600085.XSHG),多仓,1095700股,1095700股,29.17,31961569,-1227184,30.29,-,0,-241054,0股,100%
2016-04-08,,Cash,,,,,-902.29,,,,,,
2016-04-11,股票,同仁堂(600085.XSHG),多仓,1095700股,1095700股,29.64,32476548,-712205,30.29,-,0,514979,0股,100%
2016-04-11,,Cash,,,,,-902.29,,,,,,
2016-04-12,股票,同仁堂(600085.XSHG),多仓,1095700股,1095700股,29.45,32268365,-920388,30.29,-,0,-208183,0股,100%
2016-04-12,,Cash,,,,,-902.29,,,,,,
2016-04-13,股票,同仁堂(600085.XSHG),多仓,1095700股,1095700股,29.47,32290279,-898474,30.29,-,0,21914,0股,100%
2016-04-13,,Cash,,,,,-902.29,,,,,,
2016-04-14,股票,同仁堂(600085.XSHG),多仓,1095700股,1095700股,29.44,32257408,-931345,30.29,-,0,-32871,0股,100%
2016-04-14,,Cash,,,,,-902.29,,,,,,
2016-04-15,股票,同仁堂(600085.XSHG),多仓,1095700股,1095700股,29.39,32202623,-986130,30.29,-,0,-54785,0股,100%
2016-04-15,,Cash,,,,,-902.29,,,,,,
2016-04-18,股票,同仁堂(600085.XSHG),多仓,1095700股,1095700股,28.77,31523289,-1665464,30.29,-,0,-679334,0股,100%
2016-04-18,,Cash,,,,,-902.29,,,,,,
2016-04-19,股票,同仁堂(600085.XSHG),多仓,1095700股,1095700股,28.67,31413719,-1775034,30.29,-,0,-109570,0股,100%
2016-04-19,,Cash,,,,,-902.29,,,,,,
2016-04-20,股票,同仁堂(600085.XSHG),多仓,1095700股,1095700股,27.98,30657686,-2531067,30.29,-,0,-756033,0股,100%
2016-04-20,,Cash,,,,,-902.29,,,,,,
2016-04-21,股票,同仁堂(600085.XSHG),多仓,1095700股,1095700股,27.58,30219406,-2969347,30.29,-,0,-438280,0股,100%
2016-04-21,,Cash,,,,,-902.29,,,,,,
2016-04-22,股票,同仁堂(600085.XSHG),多仓,1095700股,1095700股,27.9,30570030,-2618723,30.29,-,0,350624,0股,100%
2016-04-22,,Cash,,,,,-902.29,,,,,,
2016-04-25,股票,同仁堂(600085.XSHG),多仓,1095700股,1095700股,27.47,30098879,-3089874,30.29,-,0,-471151,0股,100%
2016-04-25,,Cash,,,,,-902.29,,,,,,
2016-04-26,股票,同仁堂(600085.XSHG),多仓,1095700股,1095700股,27.58,30219406,-2969347,30.29,-,0,120527,0股,100%
2016-04-26,,Cash,,,,,-902.29,,,,,,
2016-04-27,股票,同仁堂(600085.XSHG),多仓,1095700股,1095700股,27.51,30142707,-3046046,30.29,-,0,-76699,0股,100%
2016-04-27,,Cash,,,,,-902.29,,,,,,
2016-04-28,股票,同仁堂(600085.XSHG),多仓,1095700股,1095700股,27.35,29967395,-3221358,30.29,-,0,-175312,0股,100%
2016-04-28,,Cash,,,,,-902.29,,,,,,
2016-04-29,股票,同仁堂(600085.XSHG),多仓,1095700股,1095700股,27.46,30087922,-3100831,30.29,-,0,120527,0股,100%
2016-04-29,,Cash,,,,,-902.29,,,,,,
2016-05-03,股票,同仁堂(600085.XSHG),多仓,1095700股,1095700股,28.41,31128837,-2059916,30.29,-,0,1040915,0股,100%
2016-05-03,,Cash,,,,,-902.29,,,,,,
2016-05-04,股票,同仁堂(600085.XSHG),多仓,1095700股,1095700股,28.3,31008310,-2180443,30.29,-,0,-120527,0股,100%
2016-05-04,,Cash,,,,,-902.29,,,,,,
2016-05-05,股票,同仁堂(600085.XSHG),多仓,1095700股,1095700股,28.2,30898740,-2290013,30.29,-,0,-109570,0股,100%
2016-05-05,,Cash,,,,,-902.29,,,,,,
2016-05-06,股票,同仁堂(600085.XSHG),多仓,1095700股,1095700股,27.5,30131750,-3057003,30.29,-,0,-766990,0股,100%
2016-05-06,,Cash,,,,,-902.29,,,,,,
2016-05-09,股票,同仁堂(600085.XSHG),多仓,1095700股,1095700股,26.96,29540072,-3648681,30.29,-,0,-591678,0股,100%
2016-05-09,,Cash,,,,,-902.29,,,,,,
2016-05-10,股票,同仁堂(600085.XSHG),多仓,1095700股,1095700股,26.95,29529115,-3659638,30.29,-,0,-10957,0股,100%
2016-05-10,,Cash,,,,,-902.29,,,,,,
2016-05-11,股票,同仁堂(600085.XSHG),多仓,1095700股,1095700股,27.87,30537159,-2651594,30.29,-,0,1008044,0股,100%
2016-05-11,,Cash,,,,,-902.29,,,,,,
2016-05-12,股票,同仁堂(600085.XSHG),多仓,1095700股,1095700股,27.39,30011223,-3177530,30.29,-,0,-525936,0股,100%
2016-05-12,,Cash,,,,,-902.29,,,,,,
2016-05-13,股票,同仁堂(600085.XSHG),多仓,1095700股,1095700股,27.16,29759212,-3429541,30.29,-,0,-252011,0股,100%
2016-05-13,,Cash,,,,,-902.29,,,,,,
2016-05-16,股票,同仁堂(600085.XSHG),多仓,1095700股,1095700股,27.46,30087922,-3100831,30.29,-,0,328710,0股,100%
2016-05-16,,Cash,,,,,-902.29,,,,,,
2016-05-17,股票,同仁堂(600085.XSHG),多仓,1095700股,1095700股,27.33,29945481,-3243272,30.29,-,0,-142441,0股,100%
2016-05-17,,Cash,,,,,-902.29,,,,,,
2016-05-18,股票,同仁堂(600085.XSHG),多仓,1095700股,1095700股,26.87,29441459,-3747294,30.29,-,0,-504022,0股,100%
2016-05-18,,Cash,,,,,-902.29,,,,,,
2016-05-19,股票,同仁堂(600085.XSHG),多仓,1095700股,1095700股,26.84,29408588,-3780165,30.29,-,0,-32871,0股,100%
2016-05-19,,Cash,,,,,-902.29,,,,,,
2016-05-20,股票,同仁堂(600085.XSHG),多仓,1095700股,1095700股,26.65,29200405,-3988348,30.29,-,0,-208183,0股,100%
2016-05-20,,Cash,,,,,-902.29,,,,,,
2016-05-23,股票,同仁堂(600085.XSHG),多仓,1095700股,1095700股,26.72,29277104,-3911649,30.29,-,0,76699,0股,100%
2016-05-23,,Cash,,,,,-902.29,,,,,,
2016-05-24,股票,同仁堂(600085.XSHG),多仓,1095700股,1095700股,26.54,29079878,-4108875,30.29,-,0,-197226,0股,100%
2016-05-24,,Cash,,,,,-902.29,,,,,,
2016-05-25,,Cash,,,,,29074000.14,,,,,,
2016-05-26,,Cash,,,,,29074000.14,,,,,,
2016-05-27,,Cash,,,,,29074000.14,,,,,,
2016-05-30,,Cash,,,,,29074000.14,,,,,,
2016-05-31,,Cash,,,,,29074000.14,,,,,,
2016-06-01,,Cash,,,,,29074000.14,,,,,,
2016-06-02,,Cash,,,,,29074000.14,,,,,,
2016-06-03,,Cash,,,,,29074000.14,,,,,,
2016-06-06,,Cash,,,,,29074000.14,,,,,,
2016-06-07,,Cash,,,,,29074000.14,,,,,,
2016-06-08,股票,同仁堂(600085.XSHG),多仓,1060300股,1060300股,27.24,28882572,-222663,27.45,-,0,-222663,0股,100%
2016-06-08,,Cash,,,,,-39966.43,,,,,,
2016-06-13,股票,同仁堂(600085.XSHG),多仓,1060300股,1060300股,26.42,28013126,-1092109,27.45,-,0,-869446,0股,100%
2016-06-13,,Cash,,,,,-39966.43,,,,,,
2016-06-14,股票,同仁堂(600085.XSHG),多仓,1060300股,1060300股,26.28,27864684,-1240551,27.45,-,0,-148442,0股,100%
2016-06-14,,Cash,,,,,-39966.43,,,,,,
2016-06-15,股票,同仁堂(600085.XSHG),多仓,1058800股,1058800股,26.72,28291136,-772924,27.45,-,0,465872,0股,100%
2016-06-15,,Cash,,,,,-897.29,,,,,,
2016-06-16,股票,同仁堂(600085.XSHG),多仓,1058800股,1058800股,26.43,27984084,-1079976,27.45,-,0,-307052,0股,100%
2016-06-16,,Cash,,,,,-897.29,,,,,,
2016-06-17,股票,同仁堂(600085.XSHG),多仓,1058800股,1058800股,26.51,28068788,-995272,27.45,-,0,84704,0股,100%
2016-06-17,,Cash,,,,,-897.29,,,,,,
2016-06-20,股票,同仁堂(600085.XSHG),多仓,1058800股,1058800股,27.06,28651128,-412932,27.45,-,0,582340,0股,100%
2016-06-20,,Cash,,,,,-897.29,,,,,,
2016-06-21,股票,同仁堂(600085.XSHG),多仓,1058800股,1058800股,26.69,28259372,-804688,27.45,-,0,-391756,0股,100%
2016-06-21,,Cash,,,,,-897.29,,,,,,
2016-06-22,,Cash,,,,,28253460.23,,,,,,
2016-06-23,,Cash,,,,,28253460.23,,,,,,
2016-06-24,,Cash,,,,,28253460.23,,,,,,
2016-06-27,,Cash,,,,,28253460.23,,,,,,
2016-06-28,,Cash,,,,,28253460.23,,,,,,
2016-06-29,股票,同仁堂(600085.XSHG),多仓,929300股,929300股,29.13,27070509,-1217383,30.44,-,0,-1217383,0股,100%
2016-06-29,,Cash,,,,,-42918.14,,,,,,
2016-06-30,股票,同仁堂(600085.XSHG),多仓,929300股,929300股,29.35,27274955,-1012937,30.44,-,0,204446,0股,100%
2016-06-30,,Cash,,,,,-42918.14,,,,,,
2016-07-01,股票,同仁堂(600085.XSHG),多仓,929300股,929300股,29.12,27061216,-1226676,30.44,-,0,-213739,0股,100%
2016-07-01,,Cash,,,,,-42918.14,,,,,,
2016-07-04,股票,同仁堂(600085.XSHG),多仓,929300股,929300股,29.57,27479401,-808491,30.44,-,0,418185,0股,100%
2016-07-04,,Cash,,,,,-42918.14,,,,,,
2016-07-05,股票,同仁堂(600085.XSHG),多仓,929300股,929300股,29.67,27572331,-715561,30.44,-,0,92930,0股,100%
2016-07-05,,Cash,,,,,-42918.14,,,,,,
2016-07-06,股票,同仁堂(600085.XSHG),多仓,927900股,927900股,30.6,28393740,148464,30.44,-,0,862947,0股,100%
2016-07-06,,Cash,,,,,-1699.79,,,,,,
2016-07-07,股票,同仁堂(600085.XSHG),多仓,927900股,927900股,31.11,28866969,621693,30.44,-,0,473229,0股,100%
2016-07-07,,Cash,,,,,-1699.79,,,,,,
2016-07-08,股票,同仁堂(600085.XSHG),多仓,927900股,927900股,30.69,28477251,231975,30.44,-,0,-389718,0股,100%
2016-07-08,,Cash,,,,,-1699.79,,,,,,
2016-07-11,股票,同仁堂(600085.XSHG),多仓,927900股,927900股,31.68,29395872,1150596,30.44,-,0,918621,0股,100%
2016-07-11,,Cash,,,,,-1699.79,,,,,,
2016-07-12,股票,同仁堂(600085.XSHG),多仓,927900股,927900股,32.51,30166029,1920753,30.44,-,0,770157,0股,100%
2016-07-12,,Cash,,,,,-1699.79,,,,,,
2016-07-13,股票,同仁堂(600085.XSHG),多仓,927900股,927900股,32.53,30184587,1939311,30.44,-,0,18558,0股,100%
2016-07-13,,Cash,,,,,-1699.79,,,,,,
2016-07-14,股票,同仁堂(600085.XSHG),多仓,927900股,927900股,32.2,29878380,1633104,30.44,-,0,-306207,0股,100%
2016-07-14,,Cash,,,,,-1699.79,,,,,,
2016-07-15,股票,同仁堂(600085.XSHG),多仓,927900股,927900股,32.11,29794869,1549593,30.44,-,0,-83511,0股,100%
2016-07-15,,Cash,,,,,-1699.79,,,,,,
2016-07-18,股票,同仁堂(600085.XSHG),多仓,927900股,927900股,30.64,28430856,185580,30.44,-,0,-1364013,0股,100%
2016-07-18,,Cash,,,,,-1699.79,,,,,,
2016-07-19,股票,同仁堂(600085.XSHG),多仓,927900股,927900股,30.99,28755621,510345,30.44,-,0,324765,0股,100%
2016-07-19,,Cash,,,,,-1699.79,,,,,,
2016-07-20,股票,同仁堂(600085.XSHG),多仓,927900股,927900股,30.89,28662831,417555,30.44,-,0,-92790,0股,100%
2016-07-20,,Cash,,,,,-1699.79,,,,,,
2016-07-21,股票,同仁堂(600085.XSHG),多仓,927900股,927900股,31.04,28802016,556740,30.44,-,0,139185,0股,100%
2016-07-21,,Cash,,,,,-1699.79,,,,,,
2016-07-22,股票,同仁堂(600085.XSHG),多仓,927900股,927900股,30.66,28449414,204138,30.44,-,0,-352602,0股,100%
2016-07-22,,Cash,,,,,-1699.79,,,,,,
2016-07-25,股票,同仁堂(600085.XSHG),多仓,927900股,927900股,30.78,28560762,315486,30.44,-,0,111348,0股,100%
2016-07-25,,Cash,,,,,-1699.79,,,,,,
2016-07-26,股票,同仁堂(600085.XSHG),多仓,927900股,927900股,31.22,28969038,723762,30.44,-,0,408276,0股,100%
2016-07-26,,Cash,,,,,-1699.79,,,,,,
2016-07-27,股票,同仁堂(600085.XSHG),多仓,927900股,927900股,31.01,28774179,528903,30.44,-,0,-194859,0股,100%
2016-07-27,,Cash,,,,,-1699.79,,,,,,
2016-07-28,股票,同仁堂(600085.XSHG),多仓,927900股,927900股,30.97,28737063,491787,30.44,-,0,-37116,0股,100%
2016-07-28,,Cash,,,,,-1699.79,,,,,,
2016-07-29,股票,同仁堂(600085.XSHG),多仓,927900股,927900股,31.52,29247408,1002132,30.44,-,0,510345,0股,100%
2016-07-29,,Cash,,,,,-1699.79,,,,,,
2016-08-01,股票,同仁堂(600085.XSHG),多仓,927900股,927900股,30.09,27920511,-324765,30.44,-,0,-1326897,0股,100%
2016-08-01,,Cash,,,,,-1699.79,,,,,,
2016-08-02,股票,同仁堂(600085.XSHG),多仓,927900股,927900股,30.03,27864837,-380439,30.44,-,0,-55674,0股,100%
2016-08-02,,Cash,,,,,-1699.79,,,,,,
2016-08-03,股票,同仁堂(600085.XSHG),多仓,927900股,927900股,29.84,27688536,-556740,30.44,-,0,-176301,0股,100%
2016-08-03,,Cash,,,,,-1699.79,,,,,,
2016-08-04,股票,同仁堂(600085.XSHG),多仓,927900股,927900股,30.02,27855558,-389718,30.44,-,0,167022,0股,100%
2016-08-04,,Cash,,,,,-1699.79,,,,,,
2016-08-05,股票,同仁堂(600085.XSHG),多仓,927900股,927900股,30.1,27929790,-315486,30.44,-,0,74232,0股,100%
2016-08-05,,Cash,,,,,-1699.79,,,,,,
2016-08-08,股票,同仁堂(600085.XSHG),多仓,927900股,927900股,30.48,28282392,37116,30.44,-,0,352602,0股,100%
2016-08-08,,Cash,,,,,-1699.79,,,,,,
2016-08-09,股票,同仁堂(600085.XSHG),多仓,927900股,927900股,30.54,28338066,92790,30.44,-,0,55674,0股,100%
2016-08-09,,Cash,,,,,-1699.79,,,,,,
2016-08-10,股票,同仁堂(600085.XSHG),多仓,927900股,927900股,30.28,28096812,-148464,30.44,-,0,-241254,0股,100%
2016-08-10,,Cash,,,,,-1699.79,,,,,,
2016-08-11,股票,同仁堂(600085.XSHG),多仓,927900股,927900股,30.01,27846279,-398997,30.44,-,0,-250533,0股,100%
2016-08-11,,Cash,,,,,-1699.79,,,,,,
2016-08-12,股票,同仁堂(600085.XSHG),多仓,927900股,927900股,31.48,29210292,965016,30.44,-,0,1364013,0股,100%
2016-08-12,,Cash,,,,,-1699.79,,,,,,
2016-08-15,股票,同仁堂(600085.XSHG),多仓,927900股,927900股,32.04,29729916,1484640,30.44,-,0,519624,0股,100%
2016-08-15,,Cash,,,,,-1699.79,,,,,,
2016-08-16,股票,同仁堂(600085.XSHG),多仓,927900股,927900股,31.61,29330919,1085643,30.44,-,0,-398997,0股,100%
2016-08-16,,Cash,,,,,-1699.79,,,,,,
2016-08-17,股票,同仁堂(600085.XSHG),多仓,927900股,927900股,31.66,29377314,1132038,30.44,-,0,46395,0股,100%
2016-08-17,,Cash,,,,,-1699.79,,,,,,
2016-08-18,股票,同仁堂(600085.XSHG),多仓,927900股,927900股,32.07,29757753,1512477,30.44,-,0,380439,0股,100%
2016-08-18,,Cash,,,,,-1699.79,,,,,,
2016-08-19,股票,同仁堂(600085.XSHG),多仓,927900股,927900股,31.54,29265966,1020690,30.44,-,0,-491787,0股,100%
2016-08-19,,Cash,,,,,-1699.79,,,,,,
2016-08-22,股票,同仁堂(600085.XSHG),多仓,927900股,927900股,30.97,28737063,491787,30.44,-,0,-528903,0股,100%
2016-08-22,,Cash,,,,,-1699.79,,,,,,
2016-08-23,股票,同仁堂(600085.XSHG),多仓,927900股,927900股,31.6,29321640,1076364,30.44,-,0,584577,0股,100%
2016-08-23,,Cash,,,,,-1699.79,,,,,,
2016-08-24,股票,同仁堂(600085.XSHG),多仓,927900股,927900股,31.25,28996875,751599,30.44,-,0,-324765,0股,100%
2016-08-24,,Cash,,,,,-1699.79,,,,,,
2016-08-25,股票,同仁堂(600085.XSHG),多仓,927900股,927900股,30.37,28180323,-64953,30.44,-,0,-816552,0股,100%
2016-08-25,,Cash,,,,,-1699.79,,,,,,
2016-08-26,股票,同仁堂(600085.XSHG),多仓,927900股,927900股,30.52,28319508,74232,30.44,-,0,139185,0股,100%
2016-08-26,,Cash,,,,,-1699.79,,,,,,
2016-08-29,股票,同仁堂(600085.XSHG),多仓,927900股,927900股,30.59,28384461,139185,30.44,-,0,64953,0股,100%
2016-08-29,,Cash,,,,,-1699.79,,,,,,
2016-08-30,股票,同仁堂(600085.XSHG),多仓,927900股,927900股,30.68,28467972,222696,30.44,-,0,83511,0股,100%
2016-08-30,,Cash,,,,,-1699.79,,,,,,
2016-08-31,股票,同仁堂(600085.XSHG),多仓,927900股,927900股,30.85,28625715,380439,30.44,-,0,157743,0股,100%
2016-08-31,,Cash,,,,,-1699.79,,,,,,
2016-09-01,股票,同仁堂(600085.XSHG),多仓,927900股,927900股,30.58,28375182,129906,30.44,-,0,-250533,0股,100%
2016-09-01,,Cash,,,,,-1699.79,,,,,,
2016-09-02,股票,同仁堂(600085.XSHG),多仓,927900股,927900股,30.9,28672110,426834,30.44,-,0,296928,0股,100%
2016-09-02,,Cash,,,,,-1699.79,,,,,,
2016-09-05,股票,同仁堂(600085.XSHG),多仓,927900股,927900股,30.89,28662831,417555,30.44,-,0,-9279,0股,100%
2016-09-05,,Cash,,,,,-1699.79,,,,,,
2016-09-06,股票,同仁堂(600085.XSHG),多仓,927900股,927900股,31.04,28802016,556740,30.44,-,0,139185,0股,100%
2016-09-06,,Cash,,,,,-1699.79,,,,,,
2016-09-07,股票,同仁堂(600085.XSHG),多仓,927900股,927900股,31.13,28885527,640251,30.44,-,0,83511,0股,100%
2016-09-07,,Cash,,,,,-1699.79,,,,,,
2016-09-08,股票,同仁堂(600085.XSHG),多仓,927900股,927900股,31.41,29145339,900063,30.44,-,0,259812,0股,100%
2016-09-08,,Cash,,,,,-1699.79,,,,,,
2016-09-09,股票,同仁堂(600085.XSHG),多仓,927900股,927900股,30.8,28579320,334044,30.44,-,0,-566019,0股,100%
2016-09-09,,Cash,,,,,-1699.79,,,,,,
2016-09-12,股票,同仁堂(600085.XSHG),多仓,927900股,927900股,30.13,27957627,-287649,30.44,-,0,-621693,0股,100%
2016-09-12,,Cash,,,,,-1699.79,,,,,,
2016-09-13,股票,同仁堂(600085.XSHG),多仓,927900股,927900股,30.05,27883395,-361881,30.44,-,0,-74232,0股,100%
2016-09-13,,Cash,,,,,-1699.79,,,,,,
2016-09-14,股票,同仁堂(600085.XSHG),多仓,927900股,927900股,29.98,27818442,-426834,30.44,-,0,-64953,0股,100%
2016-09-14,,Cash,,,,,-1699.79,,,,,,
2016-09-19,股票,同仁堂(600085.XSHG),多仓,927900股,927900股,30.63,28421577,176301,30.44,-,0,603135,0股,100%
2016-09-19,,Cash,,,,,-1699.79,,,,,,
2016-09-20,股票,同仁堂(600085.XSHG),多仓,927900股,927900股,30.64,28430856,185580,30.44,-,0,9279,0股,100%
2016-09-20,,Cash,,,,,-1699.79,,,,,,
2016-09-21,股票,同仁堂(600085.XSHG),多仓,927900股,927900股,30.72,28505088,259812,30.44,-,0,74232,0股,100%
2016-09-21,,Cash,,,,,-1699.79,,,,,,
2016-09-22,股票,同仁堂(600085.XSHG),多仓,927900股,927900股,30.86,28634994,389718,30.44,-,0,129906,0股,100%
2016-09-22,,Cash,,,,,-1699.79,,,,,,
2016-09-23,股票,同仁堂(600085.XSHG),多仓,927900股,927900股,30.94,28709226,463950,30.44,-,0,74232,0股,100%
2016-09-23,,Cash,,,,,-1699.79,,,,,,
2016-09-26,股票,同仁堂(600085.XSHG),多仓,927900股,927900股,30.21,28031859,-213417,30.44,-,0,-677367,0股,100%
2016-09-26,,Cash,,,,,-1699.79,,,,,,
2016-09-27,股票,同仁堂(600085.XSHG),多仓,927900股,927900股,30.46,28263834,18558,30.44,-,0,231975,0股,100%
2016-09-27,,Cash,,,,,-1699.79,,,,,,
2016-09-28,股票,同仁堂(600085.XSHG),多仓,927900股,927900股,30.19,28013301,-231975,30.44,-,0,-250533,0股,100%
2016-09-28,,Cash,,,,,-1699.79,,,,,,
2016-09-29,股票,同仁堂(600085.XSHG),多仓,927900股,927900股,30.33,28143207,-102069,30.44,-,0,129906,0股,100%
2016-09-29,,Cash,,,,,-1699.79,,,,,,
2016-09-30,股票,同仁堂(600085.XSHG),多仓,927900股,927900股,30.31,28124649,-120627,30.44,-,0,-18558,0股,100%
2016-09-30,,Cash,,,,,-1699.79,,,,,,
2016-10-10,股票,同仁堂(600085.XSHG),多仓,927900股,927900股,30.99,28755621,510345,30.44,-,0,630972,0股,100%
2016-10-10,,Cash,,,,,-1699.79,,,,,,
2016-10-11,股票,同仁堂(600085.XSHG),多仓,927900股,927900股,31.03,28792737,547461,30.44,-,0,37116,0股,100%
2016-10-11,,Cash,,,,,-1699.79,,,,,,
2016-10-12,股票,同仁堂(600085.XSHG),多仓,927900股,927900股,30.94,28709226,463950,30.44,-,0,-83511,0股,100%
2016-10-12,,Cash,,,,,-1699.79,,,,,,
2016-10-13,股票,同仁堂(600085.XSHG),多仓,927900股,927900股,30.84,28616436,371160,30.44,-,0,-92790,0股,100%
2016-10-13,,Cash,,,,,-1699.79,,,,,,
2016-10-14,股票,同仁堂(600085.XSHG),多仓,927900股,927900股,30.62,28412298,167022,30.44,-,0,-204138,0股,100%
2016-10-14,,Cash,,,,,-1699.79,,,,,,
2016-10-17,股票,同仁堂(600085.XSHG),多仓,927900股,927900股,30.53,28328787,83511,30.44,-,0,-83511,0股,100%
2016-10-17,,Cash,,,,,-1699.79,,,,,,
2016-10-18,股票,同仁堂(600085.XSHG),多仓,927900股,927900股,30.76,28542204,296928,30.44,-,0,213417,0股,100%
2016-10-18,,Cash,,,,,-1699.79,,,,,,
2016-10-19,,Cash,,,,,28484865.47,,,,,,
2016-10-20,,Cash,,,,,28484865.47,,,,,,
2016-10-21,,Cash,,,,,28484865.47,,,,,,
2016-10-24,,Cash,,,,,28484865.47,,,,,,
2016-10-25,,Cash,,,,,28484865.47,,,,,,
2016-10-26,股票,同仁堂(600085.XSHG),多仓,892100股,892100股,31.71,28288491,-231946,31.97,-,0,-231946,0股,100%
2016-10-26,,Cash,,,,,-44127.66,,,,,,
2016-10-27,股票,同仁堂(600085.XSHG),多仓,892100股,892100股,31.62,28208202,-312235,31.97,-,0,-80289,0股,100%
2016-10-27,,Cash,,,,,-44127.66,,,,,,
2016-10-28,股票,同仁堂(600085.XSHG),多仓,892100股,892100股,31.41,28020861,-499576,31.97,-,0,-187341,0股,100%
2016-10-28,,Cash,,,,,-44127.66,,,,,,
2016-10-31,股票,同仁堂(600085.XSHG),多仓,892100股,892100股,31.16,27797836,-722601,31.97,-,0,-223025,0股,100%
2016-10-31,,Cash,,,,,-44127.66,,,,,,
2016-11-01,股票,同仁堂(600085.XSHG),多仓,892100股,892100股,31.44,28047624,-472813,31.97,-,0,249788,0股,100%
2016-11-01,,Cash,,,,,-44127.66,,,,,,
2016-11-02,,Cash,,,,,27779936.97,,,,,,
2016-11-03,,Cash,,,,,27779936.97,,,,,,
2016-11-04,,Cash,,,,,27779936.97,,,,,,
2016-11-07,,Cash,,,,,27779936.97,,,,,,
2016-11-08,,Cash,,,,,27779936.97,,,,,,
2016-11-09,,Cash,,,,,27779936.97,,,,,,
2016-11-10,,Cash,,,,,27779936.97,,,,,,
2016-11-11,,Cash,,,,,27779936.97,,,,,,
2016-11-14,,Cash,,,,,27779936.97,,,,,,
2016-11-15,,Cash,,,,,27779936.97,,,,,,
2016-11-16,,Cash,,,,,27779936.97,,,,,,
2016-11-17,,Cash,,,,,27779936.97,,,,,,
2016-11-18,,Cash,,,,,27779936.97,,,,,,
2016-11-21,,Cash,,,,,27779936.97,,,,,,
2016-11-22,,Cash,,,,,27779936.97,,,,,,
2016-11-23,,Cash,,,,,27779936.97,,,,,,
2016-11-24,,Cash,,,,,27779936.97,,,,,,
2016-11-25,,Cash,,,,,27779936.97,,,,,,
2016-11-28,,Cash,,,,,27779936.97,,,,,,
2016-11-29,,Cash,,,,,27779936.97,,,,,,
2016-11-30,,Cash,,,,,27779936.97,,,,,,
2016-12-01,,Cash,,,,,27779936.97,,,,,,
2016-12-02,,Cash,,,,,27779936.97,,,,,,
2016-12-05,,Cash,,,,,27779936.97,,,,,,
2016-12-06,,Cash,,,,,27779936.97,,,,,,
2016-12-07,股票,同仁堂(600085.XSHG),多仓,870200股,870200股,32.15,27976930,165338,31.96,-,0,165338,0股,100%
2016-12-07,,Cash,,,,,-39998.51,,,,,,
2016-12-08,股票,同仁堂(600085.XSHG),多仓,870200股,870200股,31.85,27715870,-95722,31.96,-,0,-261060,0股,100%
2016-12-08,,Cash,,,,,-39998.51,,,,,,
2016-12-09,股票,同仁堂(600085.XSHG),多仓,870200股,870200股,32.16,27985632,174040,31.96,-,0,269762,0股,100%
2016-12-09,,Cash,,,,,-39998.51,,,,,,
2016-12-12,股票,同仁堂(600085.XSHG),多仓,870200股,870200股,31.22,27167644,-643948,31.96,-,0,-817988,0股,100%
2016-12-12,,Cash,,,,,-39998.51,,,,,,
2016-12-13,股票,同仁堂(600085.XSHG),多仓,870200股,870200股,31.17,27124134,-687458,31.96,-,0,-43510,0股,100%
2016-12-13,,Cash,,,,,-39998.51,,,,,,
2016-12-14,,Cash,,,,,26935895.18,,,,,,
2016-12-15,,Cash,,,,,26935895.18,,,,,,
2016-12-16,,Cash,,,,,26935895.18,,,,,,
2016-12-19,,Cash,,,,,26935895.18,,,,,,
2016-12-20,,Cash,,,,,26935895.18,,,,,,
2016-12-21,股票,同仁堂(600085.XSHG),多仓,867200股,867200股,31.12,26987264,17344,31.1,-,0,17344,0股,100%
2016-12-21,,Cash,,,,,-42115.8,,,,,,
2016-12-22,股票,同仁堂(600085.XSHG),多仓,867200股,867200股,31.26,27108672,138752,31.1,-,0,121408,0股,100%
2016-12-22,,Cash,,,,,-42115.8,,,,,,
2016-12-23,股票,同仁堂(600085.XSHG),多仓,867200股,867200股,31.28,27126016,156096,31.1,-,0,17344,0股,100%
2016-12-23,,Cash,,,,,-42115.8,,,,,,
2016-12-26,股票,同仁堂(600085.XSHG),多仓,867200股,867200股,30.97,26857184,-112736,31.1,-,0,-268832,0股,100%
2016-12-26,,Cash,,,,,-42115.8,,,,,,
2016-12-27,股票,同仁堂(600085.XSHG),多仓,867200股,867200股,31.08,26952576,-17344,31.1,-,0,95392,0股,100%
2016-12-27,,Cash,,,,,-42115.8,,,,,,
2016-12-28,股票,同仁堂(600085.XSHG),多仓,865900股,865900股,30.86,26721674,-207816,31.1,-,0,-190498,0股,100%
2016-12-28,,Cash,,,,,-1959.07,,,,,,
2016-12-29,股票,同仁堂(600085.XSHG),多仓,865900股,865900股,30.4,26323360,-606130,31.1,-,0,-398314,0股,100%
2016-12-29,,Cash,,,,,-1959.07,,,,,,
2016-12-30,股票,同仁堂(600085.XSHG),多仓,865900股,865900股,31.15,26972785,43295,31.1,-,0,649425,0股,100%
2016-12-30,,Cash,,,,,-1959.07,,,,,,
2017-01-03,股票,同仁堂(600085.XSHG),多仓,865900股,865900股,31.17,26990103,60613,31.1,-,0,17318,0股,100%
2017-01-03,,Cash,,,,,-1959.07,,,,,,
2017-01-04,股票,同仁堂(600085.XSHG),多仓,865900股,865900股,31.35,27145965,216475,31.1,-,0,155862,0股,100%
2017-01-04,,Cash,,,,,-1959.07,,,,,,
2017-01-05,股票,同仁堂(600085.XSHG),多仓,865900股,865900股,31.12,26946808,17318,31.1,-,0,-199157,0股,100%
2017-01-05,,Cash,,,,,-1959.07,,,,,,
2017-01-06,股票,同仁堂(600085.XSHG),多仓,865900股,865900股,30.81,26678379,-251111,31.1,-,0,-268429,0股,100%
2017-01-06,,Cash,,,,,-1959.07,,,,,,
2017-01-09,股票,同仁堂(600085.XSHG),多仓,865900股,865900股,30.86,26721674,-207816,31.1,-,0,43295,0股,100%
2017-01-09,,Cash,,,,,-1959.07,,,,,,
2017-01-10,股票,同仁堂(600085.XSHG),多仓,865900股,865900股,30.67,26557153,-372337,31.1,-,0,-164521,0股,100%
2017-01-10,,Cash,,,,,-1959.07,,,,,,
2017-01-11,股票,同仁堂(600085.XSHG),多仓,865900股,865900股,30.43,26349337,-580153,31.1,-,0,-207816,0股,100%
2017-01-11,,Cash,,,,,-1959.07,,,,,,
2017-01-12,股票,同仁堂(600085.XSHG),多仓,865900股,865900股,29.53,25570027,-1359463,31.1,-,0,-779310,0股,100%
2017-01-12,,Cash,,,,,-1959.07,,,,,,
2017-01-13,股票,同仁堂(600085.XSHG),多仓,865900股,865900股,29.65,25673935,-1255555,31.1,-,0,103908,0股,100%
2017-01-13,,Cash,,,,,-1959.07,,,,,,
2017-01-16,股票,同仁堂(600085.XSHG),多仓,865900股,865900股,29.76,25769184,-1160306,31.1,-,0,95249,0股,100%
2017-01-16,,Cash,,,,,-1959.07,,,,,,
2017-01-17,股票,同仁堂(600085.XSHG),多仓,865900股,865900股,29.84,25838456,-1091034,31.1,-,0,69272,0股,100%
2017-01-17,,Cash,,,,,-1959.07,,,,,,
2017-01-18,股票,同仁堂(600085.XSHG),多仓,865900股,865900股,29.93,25916387,-1013103,31.1,-,0,77931,0股,100%
2017-01-18,,Cash,,,,,-1959.07,,,,,,
2017-01-19,股票,同仁堂(600085.XSHG),多仓,865900股,865900股,29.82,25821138,-1108352,31.1,-,0,-95249,0股,100%
2017-01-19,,Cash,,,,,-1959.07,,,,,,
2017-01-20,股票,同仁堂(600085.XSHG),多仓,865900股,865900股,30.04,26011636,-917854,31.1,-,0,190498,0股,100%
2017-01-20,,Cash,,,,,-1959.07,,,,,,
2017-01-23,股票,同仁堂(600085.XSHG),多仓,865900股,865900股,30.17,26124203,-805287,31.1,-,0,112567,0股,100%
2017-01-23,,Cash,,,,,-1959.07,,,,,,
2017-01-24,股票,同仁堂(600085.XSHG),多仓,865900股,865900股,30.09,26054931,-874559,31.1,-,0,-69272,0股,100%
2017-01-24,,Cash,,,,,-1959.07,,,,,,
2017-01-25,股票,同仁堂(600085.XSHG),多仓,865900股,865900股,30.21,26158839,-770651,31.1,-,0,103908,0股,100%
2017-01-25,,Cash,,,,,-1959.07,,,,,,
2017-01-26,股票,同仁堂(600085.XSHG),多仓,865900股,865900股,30.19,26141521,-787969,31.1,-,0,-17318,0股,100%
2017-01-26,,Cash,,,,,-1959.07,,,,,,
2017-02-03,股票,同仁堂(600085.XSHG),多仓,865900股,865900股,30.14,26098226,-831264,31.1,-,0,-43295,0股,100%
2017-02-03,,Cash,,,,,-1959.07,,,,,,
2017-02-06,股票,同仁堂(600085.XSHG),多仓,865900股,865900股,30.13,26089567,-839923,31.1,-,0,-8659,0股,100%
2017-02-06,,Cash,,,,,-1959.07,,,,,,
2017-02-07,股票,同仁堂(600085.XSHG),多仓,865900股,865900股,29.97,25951023,-978467,31.1,-,0,-138544,0股,100%
2017-02-07,,Cash,,,,,-1959.07,,,,,,
2017-02-08,股票,同仁堂(600085.XSHG),多仓,865900股,865900股,30,25977000,-952490,31.1,-,0,25977,0股,100%
2017-02-08,,Cash,,,,,-1959.07,,,,,,
2017-02-09,股票,同仁堂(600085.XSHG),多仓,865900股,865900股,30.11,26072249,-857241,31.1,-,0,95249,0股,100%
2017-02-09,,Cash,,,,,-1959.07,,,,,,
2017-02-10,股票,同仁堂(600085.XSHG),多仓,865900股,865900股,30.23,26176157,-753333,31.1,-,0,103908,0股,100%
2017-02-10,,Cash,,,,,-1959.07,,,,,,
2017-02-13,股票,同仁堂(600085.XSHG),多仓,865900股,865900股,30.47,26383973,-545517,31.1,-,0,207816,0股,100%
2017-02-13,,Cash,,,,,-1959.07,,,,,,
2017-02-14,股票,同仁堂(600085.XSHG),多仓,865900股,865900股,30.46,26375314,-554176,31.1,-,0,-8659,0股,100%
2017-02-14,,Cash,,,,,-1959.07,,,,,,
2017-02-15,股票,同仁堂(600085.XSHG),多仓,865900股,865900股,30.13,26089567,-839923,31.1,-,0,-285747,0股,100%
2017-02-15,,Cash,,,,,-1959.07,,,,,,
2017-02-16,股票,同仁堂(600085.XSHG),多仓,865900股,865900股,30.17,26124203,-805287,31.1,-,0,34636,0股,100%
2017-02-16,,Cash,,,,,-1959.07,,,,,,
2017-02-17,股票,同仁堂(600085.XSHG),多仓,865900股,865900股,30.05,26020295,-909195,31.1,-,0,-103908,0股,100%
2017-02-17,,Cash,,,,,-1959.07,,,,,,
2017-02-20,股票,同仁堂(600085.XSHG),多仓,865900股,865900股,30.5,26409950,-519540,31.1,-,0,389655,0股,100%
2017-02-20,,Cash,,,,,-1959.07,,,,,,
2017-02-21,股票,同仁堂(600085.XSHG),多仓,865900股,865900股,30.53,26435927,-493563,31.1,-,0,25977,0股,100%
2017-02-21,,Cash,,,,,-1959.07,,,,,,
2017-02-22,股票,同仁堂(600085.XSHG),多仓,865900股,865900股,30.74,26617766,-311724,31.1,-,0,181839,0股,100%
2017-02-22,,Cash,,,,,-1959.07,,,,,,
2017-02-23,股票,同仁堂(600085.XSHG),多仓,865900股,865900股,30.69,26574471,-355019,31.1,-,0,-43295,0股,100%
2017-02-23,,Cash,,,,,-1959.07,,,,,,
2017-02-24,股票,同仁堂(600085.XSHG),多仓,865900股,865900股,30.55,26453245,-476245,31.1,-,0,-121226,0股,100%
2017-02-24,,Cash,,,,,-1959.07,,,,,,
2017-02-27,股票,同仁堂(600085.XSHG),多仓,865900股,865900股,30.34,26271406,-658084,31.1,-,0,-181839,0股,100%
2017-02-27,,Cash,,,,,-1959.07,,,,,,
2017-02-28,股票,同仁堂(600085.XSHG),多仓,865900股,865900股,30.32,26254088,-675402,31.1,-,0,-17318,0股,100%
2017-02-28,,Cash,,,,,-1959.07,,,,,,
2017-03-01,股票,同仁堂(600085.XSHG),多仓,865900股,865900股,30.37,26297383,-632107,31.1,-,0,43295,0股,100%
2017-03-01,,Cash,,,,,-1959.07,,,,,,
2017-03-02,股票,同仁堂(600085.XSHG),多仓,865900股,865900股,30.34,26271406,-658084,31.1,-,0,-25977,0股,100%
2017-03-02,,Cash,,,,,-1959.07,,,,,,
2017-03-03,股票,同仁堂(600085.XSHG),多仓,865900股,865900股,30.35,26280065,-649425,31.1,-,0,8659,0股,100%
2017-03-03,,Cash,,,,,-1959.07,,,,,,
2017-03-06,股票,同仁堂(600085.XSHG),多仓,865900股,865900股,30.48,26392632,-536858,31.1,-,0,112567,0股,100%
2017-03-06,,Cash,,,,,-1959.07,,,,,,
2017-03-07,股票,同仁堂(600085.XSHG),多仓,865900股,865900股,30.6,26496540,-432950,31.1,-,0,103908,0股,100%
2017-03-07,,Cash,,,,,-1959.07,,,,,,
2017-03-08,股票,同仁堂(600085.XSHG),多仓,865900股,865900股,30.79,26661061,-268429,31.1,-,0,164521,0股,100%
2017-03-08,,Cash,,,,,-1959.07,,,,,,
2017-03-09,股票,同仁堂(600085.XSHG),多仓,865900股,865900股,30.48,26392632,-536858,31.1,-,0,-268429,0股,100%
2017-03-09,,Cash,,,,,-1959.07,,,,,,
2017-03-10,股票,同仁堂(600085.XSHG),多仓,865900股,865900股,30.92,26773628,-155862,31.1,-,0,380996,0股,100%
2017-03-10,,Cash,,,,,-1959.07,,,,,,
2017-03-13,股票,同仁堂(600085.XSHG),多仓,865900股,865900股,31.39,27180601,251111,31.1,-,0,406973,0股,100%
2017-03-13,,Cash,,,,,-1959.07,,,,,,
2017-03-14,股票,同仁堂(600085.XSHG),多仓,865900股,865900股,31.26,27068034,138544,31.1,-,0,-112567,0股,100%
2017-03-14,,Cash,,,,,-1959.07,,,,,,
2017-03-15,股票,同仁堂(600085.XSHG),多仓,865900股,865900股,31.32,27119988,190498,31.1,-,0,51954,0股,100%
2017-03-15,,Cash,,,,,-1959.07,,,,,,
2017-03-16,股票,同仁堂(600085.XSHG),多仓,865900股,865900股,31.29,27094011,164521,31.1,-,0,-25977,0股,100%
2017-03-16,,Cash,,,,,-1959.07,,,,,,
2017-03-17,股票,同仁堂(600085.XSHG),多仓,865900股,865900股,30.8,26669720,-259770,31.1,-,0,-424291,0股,100%
2017-03-17,,Cash,,,,,-1959.07,,,,,,
2017-03-20,股票,同仁堂(600085.XSHG),多仓,865900股,865900股,31.39,27180601,251111,31.1,-,0,510881,0股,100%
2017-03-20,,Cash,,,,,-1959.07,,,,,,
2017-03-21,股票,同仁堂(600085.XSHG),多仓,865900股,865900股,32.12,27812708,883218,31.1,-,0,632107,0股,100%
2017-03-21,,Cash,,,,,-1959.07,,,,,,
2017-03-22,股票,同仁堂(600085.XSHG),多仓,865900股,865900股,32.81,28410179,1480689,31.1,-,0,597471,0股,100%
2017-03-22,,Cash,,,,,-1959.07,,,,,,
2017-03-23,股票,同仁堂(600085.XSHG),多仓,865900股,865900股,32.57,28202363,1272873,31.1,-,0,-207816,0股,100%
2017-03-23,,Cash,,,,,-1959.07,,,,,,
2017-03-24,股票,同仁堂(600085.XSHG),多仓,865900股,865900股,32.45,28098455,1168965,31.1,-,0,-103908,0股,100%
2017-03-24,,Cash,,,,,-1959.07,,,,,,
2017-03-27,股票,同仁堂(600085.XSHG),多仓,865900股,865900股,32.21,27890639,961149,31.1,-,0,-207816,0股,100%
2017-03-27,,Cash,,,,,-1959.07,,,,,,
2017-03-28,股票,同仁堂(600085.XSHG),多仓,865900股,865900股,31.55,27319145,389655,31.1,-,0,-571494,0股,100%
2017-03-28,,Cash,,,,,-1959.07,,,,,,
2017-03-29,,Cash,,,,,27247080.07,,,,,,
2017-03-30,,Cash,,,,,27247080.07,,,,,,
2017-03-31,,Cash,,,,,27247080.07,,,,,,
2017-04-05,,Cash,,,,,27247080.07,,,,,,
2017-04-06,,Cash,,,,,27247080.07,,,,,,
2017-04-07,,Cash,,,,,27247080.07,,,,,,
2017-04-10,,Cash,,,,,27247080.07,,,,,,
2017-04-11,,Cash,,,,,27247080.07,,,,,,
2017-04-12,股票,同仁堂(600085.XSHG),多仓,886300股,886300股,31,27475300,194986,30.78,-,0,194986,0股,100%
2017-04-12,,Cash,,,,,-41418.02,,,,,,
2017-04-13,股票,同仁堂(600085.XSHG),多仓,886300股,886300股,31.09,27555067,274753,30.78,-,0,79767,0股,100%
2017-04-13,,Cash,,,,,-41418.02,,,,,,
2017-04-14,股票,同仁堂(600085.XSHG),多仓,886300股,886300股,30.89,27377807,97493,30.78,-,0,-177260,0股,100%
2017-04-14,,Cash,,,,,-41418.02,,,,,,
2017-04-17,股票,同仁堂(600085.XSHG),多仓,886300股,886300股,31.25,27696875,416561,30.78,-,0,319068,0股,100%
2017-04-17,,Cash,,,,,-41418.02,,,,,,
2017-04-18,股票,同仁堂(600085.XSHG),多仓,886300股,886300股,31.55,27962765,682451,30.78,-,0,265890,0股,100%
2017-04-18,,Cash,,,,,-41418.02,,,,,,
2017-04-19,,Cash,,,,,27681411.39,,,,,,
2017-04-20,,Cash,,,,,27681411.39,,,,,,
2017-04-21,,Cash,,,,,27681411.39,,,,,,
2017-04-24,,Cash,,,,,27681411.39,,,,,,
2017-04-25,,Cash,,,,,27681411.39,,,,,,
2017-04-26,股票,同仁堂(600085.XSHG),多仓,888000股,888000股,31.48,27954240,239760,31.21,-,0,239760,0股,100%
2017-04-26,,Cash,,,,,-41382.95,,,,,,
2017-04-27,股票,同仁堂(600085.XSHG),多仓,888000股,888000股,31.02,27545760,-168720,31.21,-,0,-408480,0股,100%
2017-04-27,,Cash,,,,,-41382.95,,,,,,
2017-04-28,股票,同仁堂(600085.XSHG),多仓,888000股,888000股,30.8,27350400,-364080,31.21,-,0,-195360,0股,100%
2017-04-28,,Cash,,,,,-41382.95,,,,,,
2017-05-02,股票,同仁堂(600085.XSHG),多仓,888000股,888000股,30.76,27314880,-399600,31.21,-,0,-35520,0股,100%
2017-05-02,,Cash,,,,,-41382.95,,,,,,
2017-05-03,股票,同仁堂(600085.XSHG),多仓,888000股,888000股,30.71,27270480,-444000,31.21,-,0,-44400,0股,100%
2017-05-03,,Cash,,,,,-41382.95,,,,,,
2017-05-04,股票,同仁堂(600085.XSHG),多仓,886700股,886700股,30.77,27283759,-390148,31.21,-,0,53202,0股,100%
2017-05-04,,Cash,,,,,-1680.63,,,,,,
2017-05-05,股票,同仁堂(600085.XSHG),多仓,886700股,886700股,30.84,27345828,-328079,31.21,-,0,62069,0股,100%
2017-05-05,,Cash,,,,,-1680.63,,,,,,
2017-05-08,股票,同仁堂(600085.XSHG),多仓,886700股,886700股,30.94,27434498,-239409,31.21,-,0,88670,0股,100%
2017-05-08,,Cash,,,,,-1680.63,,,,,,
2017-05-09,股票,同仁堂(600085.XSHG),多仓,886700股,886700股,30.58,27115286,-558621,31.21,-,0,-319212,0股,100%
2017-05-09,,Cash,,,,,-1680.63,,,,,,
2017-05-10,股票,同仁堂(600085.XSHG),多仓,886700股,886700股,30.58,27115286,-558621,31.21,-,0,0,0股,100%
2017-05-10,,Cash,,,,,-1680.63,,,,,,
2017-05-11,股票,同仁堂(600085.XSHG),多仓,886700股,886700股,30.69,27212823,-461084,31.21,-,0,97537,0股,100%
2017-05-11,,Cash,,,,,-1680.63,,,,,,
2017-05-12,股票,同仁堂(600085.XSHG),多仓,886700股,886700股,30.73,27248291,-425616,31.21,-,0,35468,0股,100%
2017-05-12,,Cash,,,,,-1680.63,,,,,,
2017-05-15,股票,同仁堂(600085.XSHG),多仓,886700股,886700股,31.28,27735976,62069,31.21,-,0,487685,0股,100%
2017-05-15,,Cash,,,,,-1680.63,,,,,,
2017-05-16,股票,同仁堂(600085.XSHG),多仓,886700股,886700股,31.36,27806912,133005,31.21,-,0,70936,0股,100%
2017-05-16,,Cash,,,,,-1680.63,,,,,,
2017-05-17,股票,同仁堂(600085.XSHG),多仓,886700股,886700股,30.9,27399030,-274877,31.21,-,0,-407882,0股,100%
2017-05-17,,Cash,,,,,-1680.63,,,,,,
2017-05-18,股票,同仁堂(600085.XSHG),多仓,886700股,886700股,31.09,27567503,-106404,31.21,-,0,168473,0股,100%
2017-05-18,,Cash,,,,,-1680.63,,,,,,
2017-05-19,股票,同仁堂(600085.XSHG),多仓,886700股,886700股,31.46,27895582,221675,31.21,-,0,328079,0股,100%
2017-05-19,,Cash,,,,,-1680.63,,,,,,
2017-05-22,股票,同仁堂(600085.XSHG),多仓,886700股,886700股,31.71,28117257,443350,31.21,-,0,221675,0股,100%
2017-05-22,,Cash,,,,,-1680.63,,,,,,
2017-05-23,股票,同仁堂(600085.XSHG),多仓,886700股,886700股,32.21,28560607,886700,31.21,-,0,443350,0股,100%
2017-05-23,,Cash,,,,,-1680.63,,,,,,
2017-05-24,股票,同仁堂(600085.XSHG),多仓,886700股,886700股,31.84,28232528,558621,31.21,-,0,-328079,0股,100%
2017-05-24,,Cash,,,,,-1680.63,,,,,,
2017-05-25,股票,同仁堂(600085.XSHG),多仓,886700股,886700股,31.92,28303464,629557,31.21,-,0,70936,0股,100%
2017-05-25,,Cash,,,,,-1680.63,,,,,,
2017-05-26,股票,同仁堂(600085.XSHG),多仓,886700股,886700股,31.81,28205927,532020,31.21,-,0,-97537,0股,100%
2017-05-26,,Cash,,,,,-1680.63,,,,,,
2017-05-31,股票,同仁堂(600085.XSHG),多仓,886700股,886700股,32.05,28418735,744828,31.21,-,0,212808,0股,100%
2017-05-31,,Cash,,,,,-1680.63,,,,,,
2017-06-01,股票,同仁堂(600085.XSHG),多仓,886700股,886700股,32.34,28675878,1001971,31.21,-,0,257143,0股,100%
2017-06-01,,Cash,,,,,-1680.63,,,,,,
2017-06-02,股票,同仁堂(600085.XSHG),多仓,886700股,886700股,32.16,28516272,842365,31.21,-,0,-159606,0股,100%
2017-06-02,,Cash,,,,,-1680.63,,,,,,
2017-06-05,股票,同仁堂(600085.XSHG),多仓,886700股,886700股,31.49,27922183,248276,31.21,-,0,-594089,0股,100%
2017-06-05,,Cash,,,,,-1680.63,,,,,,
2017-06-06,股票,同仁堂(600085.XSHG),多仓,886700股,886700股,31.86,28250262,576355,31.21,-,0,328079,0股,100%
2017-06-06,,Cash,,,,,-1680.63,,,,,,
2017-06-07,股票,同仁堂(600085.XSHG),多仓,886700股,886700股,32,28374400,700493,31.21,-,0,124138,0股,100%
2017-06-07,,Cash,,,,,-1680.63,,,,,,
2017-06-08,股票,同仁堂(600085.XSHG),多仓,886700股,886700股,32.93,29199031,1525124,31.21,-,0,824631,0股,100%
2017-06-08,,Cash,,,,,-1680.63,,,,,,
2017-06-09,股票,同仁堂(600085.XSHG),多仓,886700股,886700股,32.88,29154696,1480789,31.21,-,0,-44335,0股,100%
2017-06-09,,Cash,,,,,-1680.63,,,,,,
2017-06-12,股票,同仁堂(600085.XSHG),多仓,886700股,886700股,33.62,29810854,2136947,31.21,-,0,656158,0股,100%
2017-06-12,,Cash,,,,,-1680.63,,,,,,
2017-06-13,股票,同仁堂(600085.XSHG),多仓,886700股,886700股,33.48,29686716,2012809,31.21,-,0,-124138,0股,100%
2017-06-13,,Cash,,,,,-1680.63,,,,,,
2017-06-14,股票,同仁堂(600085.XSHG),多仓,886700股,886700股,32.7,28995090,1321183,31.21,-,0,-691626,0股,100%
2017-06-14,,Cash,,,,,-1680.63,,,,,,
2017-06-15,股票,同仁堂(600085.XSHG),多仓,886700股,886700股,32.92,29190164,1516257,31.21,-,0,195074,0股,100%
2017-06-15,,Cash,,,,,-1680.63,,,,,,
2017-06-16,股票,同仁堂(600085.XSHG),多仓,886700股,886700股,32.52,28835484,1161577,31.21,-,0,-354680,0股,100%
2017-06-16,,Cash,,,,,-1680.63,,,,,,
2017-06-19,股票,同仁堂(600085.XSHG),多仓,886700股,886700股,32.64,28941888,1267981,31.21,-,0,106404,0股,100%
2017-06-19,,Cash,,,,,-1680.63,,,,,,
2017-06-20,股票,同仁堂(600085.XSHG),多仓,886700股,886700股,32.5,28817750,1143843,31.21,-,0,-124138,0股,100%
2017-06-20,,Cash,,,,,-1680.63,,,,,,
2017-06-21,股票,同仁堂(600085.XSHG),多仓,886700股,886700股,34.2,30325140,2651233,31.21,-,0,1507390,0股,100%
2017-06-21,,Cash,,,,,-1680.63,,,,,,
2017-06-22,股票,同仁堂(600085.XSHG),多仓,886700股,886700股,33.53,29731051,2057144,31.21,-,0,-594089,0股,100%
2017-06-22,,Cash,,,,,-1680.63,,,,,,
2017-06-23,股票,同仁堂(600085.XSHG),多仓,886700股,886700股,34.89,30936963,3263056,31.21,-,0,1205912,0股,100%
2017-06-23,,Cash,,,,,-1680.63,,,,,,
2017-06-26,股票,同仁堂(600085.XSHG),多仓,886700股,886700股,34.93,30972431,3298524,31.21,-,0,35468,0股,100%
2017-06-26,,Cash,,,,,-1680.63,,,,,,
2017-06-27,股票,同仁堂(600085.XSHG),多仓,886700股,886700股,35.19,31202973,3529066,31.21,-,0,230542,0股,100%
2017-06-27,,Cash,,,,,-1680.63,,,,,,
2017-06-28,股票,同仁堂(600085.XSHG),多仓,886700股,886700股,34.55,30635485,2961578,31.21,-,0,-567488,0股,100%
2017-06-28,,Cash,,,,,-1680.63,,,,,,
2017-06-29,股票,同仁堂(600085.XSHG),多仓,886700股,886700股,34.55,30635485,2961578,31.21,-,0,0,0股,100%
2017-06-29,,Cash,,,,,-1680.63,,,,,,
2017-06-30,股票,同仁堂(600085.XSHG),多仓,886700股,886700股,34.7,30768490,3094583,31.21,-,0,133005,0股,100%
2017-06-30,,Cash,,,,,-1680.63,,,,,,
2017-07-03,股票,同仁堂(600085.XSHG),多仓,886700股,886700股,34.28,30396076,2722169,31.21,-,0,-372414,0股,100%
2017-07-03,,Cash,,,,,-1680.63,,,,,,
2017-07-04,股票,同仁堂(600085.XSHG),多仓,886700股,886700股,33.9,30059130,2385223,31.21,-,0,-336946,0股,100%
2017-07-04,,Cash,,,,,-1680.63,,,,,,
2017-07-05,股票,同仁堂(600085.XSHG),多仓,886700股,886700股,34.39,30493613,2819706,31.21,-,0,434483,0股,100%
2017-07-05,,Cash,,,,,-1680.63,,,,,,
2017-07-06,股票,同仁堂(600085.XSHG),多仓,886700股,886700股,33.94,30094598,2420691,31.21,-,0,-399015,0股,100%
2017-07-06,,Cash,,,,,-1680.63,,,,,,
2017-07-07,股票,同仁堂(600085.XSHG),多仓,886700股,886700股,33.59,29784253,2110346,31.21,-,0,-310345,0股,100%
2017-07-07,,Cash,,,,,-1680.63,,,,,,
2017-07-10,股票,同仁堂(600085.XSHG),多仓,886700股,886700股,33.19,29429573,1755666,31.21,-,0,-354680,0股,100%
2017-07-10,,Cash,,,,,-1680.63,,,,,,
2017-07-11,股票,同仁堂(600085.XSHG),多仓,886700股,886700股,33.41,29624647,1950740,31.21,-,0,195074,0股,100%
2017-07-11,,Cash,,,,,-1680.63,,,,,,
2017-07-12,,Cash,,,,,29495899.6,,,,,,
2017-07-13,,Cash,,,,,29495899.6,,,,,,
2017-07-14,,Cash,,,,,29495899.6,,,,,,
2017-07-17,,Cash,,,,,29495899.6,,,,,,
2017-07-18,,Cash,,,,,29495899.6,,,,,,
2017-07-19,股票,同仁堂(600085.XSHG),多仓,915100股,915100股,32.59,29823109,292832,32.27,-,0,292832,0股,100%
2017-07-19,,Cash,,,,,-43236.48,,,,,,
2017-07-20,股票,同仁堂(600085.XSHG),多仓,915100股,915100股,32.76,29978676,448399,32.27,-,0,155567,0股,100%
2017-07-20,,Cash,,,,,-43236.48,,,,,,
2017-07-21,股票,同仁堂(600085.XSHG),多仓,915100股,915100股,32.73,29951223,420946,32.27,-,0,-27453,0股,100%
2017-07-21,,Cash,,,,,-43236.48,,,,,,
2017-07-24,股票,同仁堂(600085.XSHG),多仓,915100股,915100股,32.82,30033582,503305,32.27,-,0,82359,0股,100%
2017-07-24,,Cash,,,,,-43236.48,,,,,,
2017-07-25,股票,同仁堂(600085.XSHG),多仓,915100股,915100股,33.03,30225753,695476,32.27,-,0,192171,0股,100%
2017-07-25,,Cash,,,,,-43236.48,,,,,,
2017-07-26,股票,同仁堂(600085.XSHG),多仓,913800股,913800股,32.34,29552292,63966,32.27,-,0,-630522,0股,100%
2017-07-26,,Cash,,,,,-418.22,,,,,,
2017-07-27,股票,同仁堂(600085.XSHG),多仓,913800股,913800股,32.39,29597982,109656,32.27,-,0,45690,0股,100%
2017-07-27,,Cash,,,,,-418.22,,,,,,
2017-07-28,股票,同仁堂(600085.XSHG),多仓,913800股,913800股,32.54,29735052,246726,32.27,-,0,137070,0股,100%
2017-07-28,,Cash,,,,,-418.22,,,,,,
2017-07-31,股票,同仁堂(600085.XSHG),多仓,913800股,913800股,32.63,29817294,328968,32.27,-,0,82242,0股,100%
2017-07-31,,Cash,,,,,-418.22,,,,,,
2017-08-01,股票,同仁堂(600085.XSHG),多仓,913800股,913800股,32.84,30009192,520866,32.27,-,0,191898,0股,100%
2017-08-01,,Cash,,,,,-418.22,,,,,,
2017-08-02,股票,同仁堂(600085.XSHG),多仓,913800股,913800股,32.14,29369532,-118794,32.27,-,0,-639660,0股,100%
2017-08-02,,Cash,,,,,-418.22,,,,,,
2017-08-03,股票,同仁堂(600085.XSHG),多仓,913800股,913800股,32.06,29296428,-191898,32.27,-,0,-73104,0股,100%
2017-08-03,,Cash,,,,,-418.22,,,,,,
2017-08-04,股票,同仁堂(600085.XSHG),多仓,913800股,913800股,31.96,29205048,-283278,32.27,-,0,-91380,0股,100%
2017-08-04,,Cash,,,,,-418.22,,,,,,
2017-08-07,股票,同仁堂(600085.XSHG),多仓,913800股,913800股,31.89,29141082,-347244,32.27,-,0,-63966,0股,100%
2017-08-07,,Cash,,,,,-418.22,,,,,,
2017-08-08,股票,同仁堂(600085.XSHG),多仓,913800股,913800股,31.74,29004012,-484314,32.27,-,0,-137070,0股,100%
2017-08-08,,Cash,,,,,-418.22,,,,,,
2017-08-09,股票,同仁堂(600085.XSHG),多仓,913800股,913800股,32.06,29296428,-191898,32.27,-,0,292416,0股,100%
2017-08-09,,Cash,,,,,-418.22,,,,,,
2017-08-10,股票,同仁堂(600085.XSHG),多仓,913800股,913800股,32.15,29378670,-109656,32.27,-,0,82242,0股,100%
2017-08-10,,Cash,,,,,-418.22,,,,,,
2017-08-11,股票,同仁堂(600085.XSHG),多仓,913800股,913800股,31.99,29232462,-255864,32.27,-,0,-146208,0股,100%
2017-08-11,,Cash,,,,,-418.22,,,,,,
2017-08-14,股票,同仁堂(600085.XSHG),多仓,913800股,913800股,32.39,29597982,109656,32.27,-,0,365520,0股,100%
2017-08-14,,Cash,,,,,-418.22,,,,,,
2017-08-15,股票,同仁堂(600085.XSHG),多仓,913800股,913800股,32.36,29570568,82242,32.27,-,0,-27414,0股,100%
2017-08-15,,Cash,,,,,-418.22,,,,,,
2017-08-16,股票,同仁堂(600085.XSHG),多仓,913800股,913800股,32.33,29543154,54828,32.27,-,0,-27414,0股,100%
2017-08-16,,Cash,,,,,-418.22,,,,,,
2017-08-17,股票,同仁堂(600085.XSHG),多仓,913800股,913800股,32.75,29926950,438624,32.27,-,0,383796,0股,100%
2017-08-17,,Cash,,,,,-418.22,,,,,,
2017-08-18,股票,同仁堂(600085.XSHG),多仓,913800股,913800股,32.56,29753328,265002,32.27,-,0,-173622,0股,100%
2017-08-18,,Cash,,,,,-418.22,,,,,,
2017-08-21,股票,同仁堂(600085.XSHG),多仓,913800股,913800股,32.71,29890398,402072,32.27,-,0,137070,0股,100%
2017-08-21,,Cash,,,,,-418.22,,,,,,
2017-08-22,股票,同仁堂(600085.XSHG),多仓,913800股,913800股,32.64,29826432,338106,32.27,-,0,-63966,0股,100%
2017-08-22,,Cash,,,,,-418.22,,,,,,
2017-08-23,股票,同仁堂(600085.XSHG),多仓,913800股,913800股,32.15,29378670,-109656,32.27,-,0,-447762,0股,100%
2017-08-23,,Cash,,,,,-418.22,,,,,,
2017-08-24,股票,同仁堂(600085.XSHG),多仓,913800股,913800股,31.86,29113668,-374658,32.27,-,0,-265002,0股,100%
2017-08-24,,Cash,,,,,-418.22,,,,,,
2017-08-25,股票,同仁堂(600085.XSHG),多仓,913800股,913800股,32.15,29378670,-109656,32.27,-,0,265002,0股,100%
2017-08-25,,Cash,,,,,-418.22,,,,,,
2017-08-28,股票,同仁堂(600085.XSHG),多仓,913800股,913800股,32.25,29470050,-18276,32.27,-,0,91380,0股,100%
2017-08-28,,Cash,,,,,-418.22,,,,,,
2017-08-29,股票,同仁堂(600085.XSHG),多仓,913800股,913800股,32.31,29524878,36552,32.27,-,0,54828,0股,100%
2017-08-29,,Cash,,,,,-418.22,,,,,,
2017-08-30,股票,同仁堂(600085.XSHG),多仓,913800股,913800股,32.24,29460912,-27414,32.27,-,0,-63966,0股,100%
2017-08-30,,Cash,,,,,-418.22,,,,,,
2017-08-31,股票,同仁堂(600085.XSHG),多仓,913800股,913800股,32.27,29488326,0,32.27,-,0,27414,0股,100%
2017-08-31,,Cash,,,,,-418.22,,,,,,
2017-09-01,股票,同仁堂(600085.XSHG),多仓,913800股,913800股,32.05,29287290,-201036,32.27,-,0,-201036,0股,100%
2017-09-01,,Cash,,,,,-418.22,,,,,,
2017-09-04,股票,同仁堂(600085.XSHG),多仓,913800股,913800股,31.99,29232462,-255864,32.27,-,0,-54828,0股,100%
2017-09-04,,Cash,,,,,-418.22,,,,,,
2017-09-05,股票,同仁堂(600085.XSHG),多仓,913800股,913800股,32.03,29269014,-219312,32.27,-,0,36552,0股,100%
2017-09-05,,Cash,,,,,-418.22,,,,,,
2017-09-06,股票,同仁堂(600085.XSHG),多仓,913800股,913800股,32.12,29351256,-137070,32.27,-,0,82242,0股,100%
2017-09-06,,Cash,,,,,-418.22,,,,,,
2017-09-07,股票,同仁堂(600085.XSHG),多仓,913800股,913800股,31.96,29205048,-283278,32.27,-,0,-146208,0股,100%
2017-09-07,,Cash,,,,,-418.22,,,,,,
2017-09-08,股票,同仁堂(600085.XSHG),多仓,913800股,913800股,31.92,29168496,-319830,32.27,-,0,-36552,0股,100%
2017-09-08,,Cash,,,,,-418.22,,,,,,
2017-09-11,股票,同仁堂(600085.XSHG),多仓,913800股,913800股,31.74,29004012,-484314,32.27,-,0,-164484,0股,100%
2017-09-11,,Cash,,,,,-418.22,,,,,,
2017-09-12,股票,同仁堂(600085.XSHG),多仓,913800股,913800股,31.34,28638492,-849834,32.27,-,0,-365520,0股,100%
2017-09-12,,Cash,,,,,-418.22,,,,,,
2017-09-13,股票,同仁堂(600085.XSHG),多仓,913800股,913800股,31.38,28675044,-813282,32.27,-,0,36552,0股,100%
2017-09-13,,Cash,,,,,-418.22,,,,,,
2017-09-14,股票,同仁堂(600085.XSHG),多仓,913800股,913800股,31.67,28940046,-548280,32.27,-,0,265002,0股,100%
2017-09-14,,Cash,,,,,-418.22,,,,,,
2017-09-15,股票,同仁堂(600085.XSHG),多仓,913800股,913800股,31.6,28876080,-612246,32.27,-,0,-63966,0股,100%
2017-09-15,,Cash,,,,,-418.22,,,,,,
2017-09-18,股票,同仁堂(600085.XSHG),多仓,913800股,913800股,31.7,28967460,-520866,32.27,-,0,91380,0股,100%
2017-09-18,,Cash,,,,,-418.22,,,,,,
2017-09-19,股票,同仁堂(600085.XSHG),多仓,913800股,913800股,31.46,28748148,-740178,32.27,-,0,-219312,0股,100%
2017-09-19,,Cash,,,,,-418.22,,,,,,
2017-09-20,,Cash,,,,,28637348.22,,,,,,
2017-09-21,,Cash,,,,,28637348.22,,,,,,
2017-09-22,,Cash,,,,,28637348.22,,,,,,
2017-09-25,,Cash,,,,,28637348.22,,,,,,
2017-09-26,,Cash,,,,,28637348.22,,,,,,
2017-09-27,股票,同仁堂(600085.XSHG),多仓,898500股,898500股,31.88,28644180,-26955,31.91,-,0,-26955,0股,100%
2017-09-27,,Cash,,,,,-42388.12,,,,,,
2017-09-28,股票,同仁堂(600085.XSHG),多仓,898500股,898500股,32.08,28823880,152745,31.91,-,0,179700,0股,100%
2017-09-28,,Cash,,,,,-42388.12,,,,,,
2017-09-29,股票,同仁堂(600085.XSHG),多仓,898500股,898500股,32.41,29120385,449250,31.91,-,0,296505,0股,100%
2017-09-29,,Cash,,,,,-42388.12,,,,,,
2017-10-09,股票,同仁堂(600085.XSHG),多仓,898500股,898500股,32.43,29138355,467220,31.91,-,0,17970,0股,100%
2017-10-09,,Cash,,,,,-42388.12,,,,,,
2017-10-10,股票,同仁堂(600085.XSHG),多仓,898500股,898500股,32.87,29533695,862560,31.91,-,0,395340,0股,100%
2017-10-10,,Cash,,,,,-42388.12,,,,,,
2017-10-11,股票,同仁堂(600085.XSHG),多仓,897300股,897300股,32.73,29368629,735786,31.91,-,0,-125622,0股,100%
2017-10-11,,Cash,,,,,-3031.35,,,,,,
2017-10-12,股票,同仁堂(600085.XSHG),多仓,897300股,897300股,32.49,29153277,520434,31.91,-,0,-215352,0股,100%
2017-10-12,,Cash,,,,,-3031.35,,,,,,
2017-10-13,股票,同仁堂(600085.XSHG),多仓,897300股,897300股,32.58,29234034,601191,31.91,-,0,80757,0股,100%
2017-10-13,,Cash,,,,,-3031.35,,,,,,
2017-10-16,股票,同仁堂(600085.XSHG),多仓,897300股,897300股,32.87,29494251,861408,31.91,-,0,260217,0股,100%
2017-10-16,,Cash,,,,,-3031.35,,,,,,
2017-10-17,股票,同仁堂(600085.XSHG),多仓,897300股,897300股,32.9,29521170,888327,31.91,-,0,26919,0股,100%
2017-10-17,,Cash,,,,,-3031.35,,,,,,
2017-10-18,股票,同仁堂(600085.XSHG),多仓,897300股,897300股,33.67,30212091,1579248,31.91,-,0,690921,0股,100%
2017-10-18,,Cash,,,,,-3031.35,,,,,,
2017-10-19,股票,同仁堂(600085.XSHG),多仓,897300股,897300股,33.56,30113388,1480545,31.91,-,0,-98703,0股,100%
2017-10-19,,Cash,,,,,-3031.35,,,,,,
2017-10-20,股票,同仁堂(600085.XSHG),多仓,897300股,897300股,33.35,29924955,1292112,31.91,-,0,-188433,0股,100%
2017-10-20,,Cash,,,,,-3031.35,,,,,,
2017-10-23,股票,同仁堂(600085.XSHG),多仓,897300股,897300股,33.96,30472308,1839465,31.91,-,0,547353,0股,100%
2017-10-23,,Cash,,,,,-3031.35,,,,,,
2017-10-24,股票,同仁堂(600085.XSHG),多仓,897300股,897300股,34.14,30633822,2000979,31.91,-,0,161514,0股,100%
2017-10-24,,Cash,,,,,-3031.35,,,,,,
2017-10-25,股票,同仁堂(600085.XSHG),多仓,897300股,897300股,34.07,30571011,1938168,31.91,-,0,-62811,0股,100%
2017-10-25,,Cash,,,,,-3031.35,,,,,,
2017-10-26,股票,同仁堂(600085.XSHG),多仓,897300股,897300股,33.55,30104415,1471572,31.91,-,0,-466596,0股,100%
2017-10-26,,Cash,,,,,-3031.35,,,,,,
2017-10-27,股票,同仁堂(600085.XSHG),多仓,897300股,897300股,34.19,30678687,2045844,31.91,-,0,574272,0股,100%
2017-10-27,,Cash,,,,,-3031.35,,,,,,
2017-10-30,股票,同仁堂(600085.XSHG),多仓,897300股,897300股,34.38,30849174,2216331,31.91,-,0,170487,0股,100%
2017-10-30,,Cash,,,,,-3031.35,,,,,,
2017-10-31,股票,同仁堂(600085.XSHG),多仓,897300股,897300股,33.67,30212091,1579248,31.91,-,0,-637083,0股,100%
2017-10-31,,Cash,,,,,-3031.35,,,,,,
2017-11-01,,Cash,,,,,30133938.59,,,,,,
2017-11-02,,Cash,,,,,30133938.59,,,,,,
2017-11-03,,Cash,,,,,30133938.59,,,,,,
2017-11-06,,Cash,,,,,30133938.59,,,,,,
2017-11-07,,Cash,,,,,30133938.59,,,,,,
2017-11-08,,Cash,,,,,30133938.59,,,,,,
2017-11-09,,Cash,,,,,30133938.59,,,,,,
2017-11-10,,Cash,,,,,30133938.59,,,,,,
2017-11-13,,Cash,,,,,30133938.59,,,,,,
2017-11-14,,Cash,,,,,30133938.59,,,,,,
2017-11-15,股票,同仁堂(600085.XSHG),多仓,898100股,898100股,33.71,30274951,107772,33.59,-,0,107772,0股,100%
2017-11-15,,Cash,,,,,-42290.56,,,,,,
2017-11-16,股票,同仁堂(600085.XSHG),多仓,898100股,898100股,34.2,30715020,547841,33.59,-,0,440069,0股,100%
2017-11-16,,Cash,,,,,-42290.56,,,,,,
2017-11-17,股票,同仁堂(600085.XSHG),多仓,898100股,898100股,34.42,30912602,745423,33.59,-,0,197582,0股,100%
2017-11-17,,Cash,,,,,-42290.56,,,,,,
2017-11-20,股票,同仁堂(600085.XSHG),多仓,898100股,898100股,34.67,31137127,969948,33.59,-,0,224525,0股,100%
2017-11-20,,Cash,,,,,-42290.56,,,,,,
2017-11-21,股票,同仁堂(600085.XSHG),多仓,898100股,898100股,35.49,31873569,1706390,33.59,-,0,736442,0股,100%
2017-11-21,,Cash,,,,,-42290.56,,,,,,
2017-11-22,股票,同仁堂(600085.XSHG),多仓,897000股,897000股,35.27,31637190,1506960,33.59,-,0,-197340,0股,100%
2017-11-22,,Cash,,,,,-3236.4,,,,,,
2017-11-23,股票,同仁堂(600085.XSHG),多仓,897000股,897000股,33.75,30273750,143520,33.59,-,0,-1363440,0股,100%
2017-11-23,,Cash,,,,,-3236.4,,,,,,
2017-11-24,股票,同仁堂(600085.XSHG),多仓,897000股,897000股,33.26,29834220,-296010,33.59,-,0,-439530,0股,100%
2017-11-24,,Cash,,,,,-3236.4,,,,,,
2017-11-27,股票,同仁堂(600085.XSHG),多仓,897000股,897000股,33.32,29888040,-242190,33.59,-,0,53820,0股,100%
2017-11-27,,Cash,,,,,-3236.4,,,,,,
2017-11-28,股票,同仁堂(600085.XSHG),多仓,897000股,897000股,33.37,29932890,-197340,33.59,-,0,44850,0股,100%
2017-11-28,,Cash,,,,,-3236.4,,,,,,
2017-11-29,股票,同仁堂(600085.XSHG),多仓,897000股,897000股,32.38,29044860,-1085370,33.59,-,0,-888030,0股,100%
2017-11-29,,Cash,,,,,-3236.4,,,,,,
2017-11-30,股票,同仁堂(600085.XSHG),多仓,897000股,897000股,32.28,28955160,-1175070,33.59,-,0,-89700,0股,100%
2017-11-30,,Cash,,,,,-3236.4,,,,,,
2017-12-01,股票,同仁堂(600085.XSHG),多仓,897000股,897000股,32.39,29053830,-1076400,33.59,-,0,98670,0股,100%
2017-12-01,,Cash,,,,,-3236.4,,,,,,
2017-12-04,股票,同仁堂(600085.XSHG),多仓,897000股,897000股,32.44,29098680,-1031550,33.59,-,0,44850,0股,100%
2017-12-04,,Cash,,,,,-3236.4,,,,,,
2017-12-05,股票,同仁堂(600085.XSHG),多仓,897000股,897000股,33.11,29699670,-430560,33.59,-,0,600990,0股,100%
2017-12-05,,Cash,,,,,-3236.4,,,,,,
2017-12-06,股票,同仁堂(600085.XSHG),多仓,897000股,897000股,33.12,29708640,-421590,33.59,-,0,8970,0股,100%
2017-12-06,,Cash,,,,,-3236.4,,,,,,
2017-12-07,股票,同仁堂(600085.XSHG),多仓,897000股,897000股,32.81,29430570,-699660,33.59,-,0,-278070,0股,100%
2017-12-07,,Cash,,,,,-3236.4,,,,,,
2017-12-08,股票,同仁堂(600085.XSHG),多仓,897000股,897000股,32.72,29349840,-780390,33.59,-,0,-80730,0股,100%
2017-12-08,,Cash,,,,,-3236.4,,,,,,
2017-12-11,股票,同仁堂(600085.XSHG),多仓,897000股,897000股,33.03,29627910,-502320,33.59,-,0,278070,0股,100%
2017-12-11,,Cash,,,,,-3236.4,,,,,,
2017-12-12,股票,同仁堂(600085.XSHG),多仓,897000股,897000股,32.43,29089710,-1040520,33.59,-,0,-538200,0股,100%
2017-12-12,,Cash,,,,,-3236.4,,,,,,
2017-12-13,,Cash,,,,,28878448.54,,,,,,
2017-12-14,,Cash,,,,,28878448.54,,,,,,
2017-12-15,,Cash,,,,,28878448.54,,,,,,
2017-12-18,,Cash,,,,,28878448.54,,,,,,
2017-12-19,,Cash,,,,,28878448.54,,,,,,
2017-12-20,,Cash,,,,,28878448.54,,,,,,
2017-12-21,,Cash,,,,,28878448.54,,,,,,
2017-12-22,,Cash,,,,,28878448.54,,,,,,
2017-12-25,,Cash,,,,,28878448.54,,,,,,
2017-12-26,,Cash,,,,,28878448.54,,,,,,
2017-12-27,,Cash,,,,,28878448.54,,,,,,
2017-12-28,,Cash,,,,,28878448.54,,,,,,
2017-12-29,,Cash,,,,,28878448.54,,,,,,
2018-01-02,,Cash,,,,,28878448.54,,,,,,
2018-01-03,,Cash,,,,,28878448.54,,,,,,
2018-01-04,股票,同仁堂(600085.XSHG),多仓,885800股,885800股,32.52,28806216,-106296,32.64,-,0,-106296,0股,100%
2018-01-04,,Cash,,,,,-42737.21,,,,,,
2018-01-05,股票,同仁堂(600085.XSHG),多仓,885800股,885800股,33.13,29346554,434042,32.64,-,0,540338,0股,100%
2018-01-05,,Cash,,,,,-42737.21,,,,,,
2018-01-08,股票,同仁堂(600085.XSHG),多仓,885800股,885800股,33.43,29612294,699782,32.64,-,0,265740,0股,100%
2018-01-08,,Cash,,,,,-42737.21,,,,,,
2018-01-09,股票,同仁堂(600085.XSHG),多仓,885800股,885800股,33.48,29656584,744072,32.64,-,0,44290,0股,100%
2018-01-09,,Cash,,,,,-42737.21,,,,,,
2018-01-10,股票,同仁堂(600085.XSHG),多仓,884600股,884600股,33.3,29457180,583836,32.64,-,0,-159228,0股,100%
2018-01-10,,Cash,,,,,-2793.2,,,,,,
2018-01-11,股票,同仁堂(600085.XSHG),多仓,884600股,884600股,33.47,29607562,734218,32.64,-,0,150382,0股,100%
2018-01-11,,Cash,,,,,-2793.2,,,,,,
2018-01-12,股票,同仁堂(600085.XSHG),多仓,884600股,884600股,33.18,29351028,477684,32.64,-,0,-256534,0股,100%
2018-01-12,,Cash,,,,,-2793.2,,,,,,
2018-01-15,股票,同仁堂(600085.XSHG),多仓,884600股,884600股,32.48,28731808,-141536,32.64,-,0,-619220,0股,100%
2018-01-15,,Cash,,,,,-2793.2,,,,,,
2018-01-16,股票,同仁堂(600085.XSHG),多仓,884600股,884600股,33.5,29634100,760756,32.64,-,0,902292,0股,100%
2018-01-16,,Cash,,,,,-2793.2,,,,,,
2018-01-17,股票,同仁堂(600085.XSHG),多仓,884600股,884600股,33.85,29943710,1070366,32.64,-,0,309610,0股,100%
2018-01-17,,Cash,,,,,-2793.2,,,,,,
2018-01-18,股票,同仁堂(600085.XSHG),多仓,884600股,884600股,34.12,30182552,1309208,32.64,-,0,238842,0股,100%
2018-01-18,,Cash,,,,,-2793.2,,,,,,
2018-01-19,股票,同仁堂(600085.XSHG),多仓,884600股,884600股,33.91,29996786,1123442,32.64,-,0,-185766,0股,100%
2018-01-19,,Cash,,,,,-2793.2,,,,,,
2018-01-22,股票,同仁堂(600085.XSHG),多仓,884600股,884600股,34.53,30545238,1671894,32.64,-,0,548452,0股,100%
2018-01-22,,Cash,,,,,-2793.2,,,,,,
2018-01-23,股票,同仁堂(600085.XSHG),多仓,884600股,884600股,34.68,30677928,1804584,32.64,-,0,132690,0股,100%
2018-01-23,,Cash,,,,,-2793.2,,,,,,
2018-01-24,,Cash,,,,,30617584.49,,,,,,
2018-01-25,,Cash,,,,,30617584.49,,,,,,
2018-01-26,,Cash,,,,,30617584.49,,,,,,
2018-01-29,,Cash,,,,,30617584.49,,,,,,
2018-01-30,,Cash,,,,,30617584.49,,,,,,
2018-01-31,,Cash,,,,,30617584.49,,,,,,
2018-02-01,,Cash,,,,,30617584.49,,,,,,
2018-02-02,,Cash,,,,,30617584.49,,,,,,
2018-02-05,,Cash,,,,,30617584.49,,,,,,
2018-02-06,,Cash,,,,,30617584.49,,,,,,
2018-02-07,,Cash,,,,,30617584.49,,,,,,
2018-02-08,,Cash,,,,,30617584.49,,,,,,
2018-02-09,,Cash,,,,,30617584.49,,,,,,
2018-02-12,,Cash,,,,,30617584.49,,,,,,
2018-02-13,,Cash,,,,,30617584.49,,,,,,
2018-02-14,股票,同仁堂(600085.XSHG),多仓,953800股,953800股,31.99,30512062,-143070,32.14,-,0,-143070,0股,100%
2018-02-14,,Cash,,,,,-46744.05,,,,,,
2018-02-22,股票,同仁堂(600085.XSHG),多仓,953800股,953800股,32.72,31208336,553204,32.14,-,0,696274,0股,100%
2018-02-22,,Cash,,,,,-46744.05,,,,,,
2018-02-23,,Cash,,,,,31073393.11,,,,,,
2018-02-26,,Cash,,,,,31073393.11,,,,,,
2018-02-27,,Cash,,,,,31073393.11,,,,,,
2018-02-28,,Cash,,,,,31073393.11,,,,,,
2018-03-01,,Cash,,,,,31073393.11,,,,,,
2018-03-02,,Cash,,,,,31073393.11,,,,,,
2018-03-05,,Cash,,,,,31073393.11,,,,,,
2018-03-06,,Cash,,,,,31073393.11,,,,,,
2018-03-07,,Cash,,,,,31073393.11,,,,,,
2018-03-08,,Cash,,,,,31073393.11,,,,,,
2018-03-09,,Cash,,,,,31073393.11,,,,,,
2018-03-12,,Cash,,,,,31073393.11,,,,,,
2018-03-13,,Cash,,,,,31073393.11,,,,,,
2018-03-14,,Cash,,,,,31073393.11,,,,,,
2018-03-15,,Cash,,,,,31073393.11,,,,,,
2018-03-16,,Cash,,,,,31073393.11,,,,,,
2018-03-19,,Cash,,,,,31073393.11,,,,,,
2018-03-20,,Cash,,,,,31073393.11,,,,,,
2018-03-21,股票,同仁堂(600085.XSHG),多仓,905600股,905600股,33.95,30745120,-362240,34.35,-,0,-362240,0股,100%
2018-03-21,,Cash,,,,,-43299.1,,,,,,
2018-03-22,股票,同仁堂(600085.XSHG),多仓,905600股,905600股,33.83,30636448,-470912,34.35,-,0,-108672,0股,100%
2018-03-22,,Cash,,,,,-43299.1,,,,,,
2018-03-23,股票,同仁堂(600085.XSHG),多仓,905600股,905600股,33.39,30237984,-869376,34.35,-,0,-398464,0股,100%
2018-03-23,,Cash,,,,,-43299.1,,,,,,
2018-03-26,股票,同仁堂(600085.XSHG),多仓,905600股,905600股,34.03,30817568,-289792,34.35,-,0,579584,0股,100%
2018-03-26,,Cash,,,,,-43299.1,,,,,,
2018-03-27,股票,同仁堂(600085.XSHG),多仓,905600股,905600股,34.22,30989632,-117728,34.35,-,0,172064,0股,100%
2018-03-27,,Cash,,,,,-43299.1,,,,,,
2018-03-28,,Cash,,,,,30906046.38,,,,,,
2018-03-29,,Cash,,,,,30906046.38,,,,,,
2018-03-30,,Cash,,,,,30906046.38,,,,,,
2018-04-02,,Cash,,,,,30906046.38,,,,,,
2018-04-03,,Cash,,,,,30906046.38,,,,,,
2018-04-04,股票,同仁堂(600085.XSHG),多仓,870500股,870500股,37.41,32565405,1627835,35.54,-,0,1627835,0股,100%
2018-04-04,,Cash,,,,,-40804.89,,,,,,
2018-04-09,股票,同仁堂(600085.XSHG),多仓,870500股,870500股,37.16,32347780,1410210,35.54,-,0,-217625,0股,100%
2018-04-09,,Cash,,,,,-40804.89,,,,,,
2018-04-10,股票,同仁堂(600085.XSHG),多仓,870500股,870500股,37.36,32521880,1584310,35.54,-,0,174100,0股,100%
2018-04-10,,Cash,,,,,-40804.89,,,,,,
2018-04-11,股票,同仁堂(600085.XSHG),多仓,869500股,869500股,37.5,32606250,1704220,35.54,-,0,121730,0股,100%
2018-04-11,,Cash,,,,,-3703.19,,,,,,
2018-04-12,股票,同仁堂(600085.XSHG),多仓,869500股,869500股,37.53,32632335,1730305,35.54,-,0,26085,0股,100%
2018-04-12,,Cash,,,,,-3703.19,,,,,,
2018-04-13,股票,同仁堂(600085.XSHG),多仓,869500股,869500股,36.73,31936735,1034705,35.54,-,0,-695600,0股,100%
2018-04-13,,Cash,,,,,-3703.19,,,,,,
2018-04-16,股票,同仁堂(600085.XSHG),多仓,869500股,869500股,37.11,32267145,1365115,35.54,-,0,330410,0股,100%
2018-04-16,,Cash,,,,,-3703.19,,,,,,
2018-04-17,股票,同仁堂(600085.XSHG),多仓,869500股,869500股,36.99,32162805,1260775,35.54,-,0,-104340,0股,100%
2018-04-17,,Cash,,,,,-3703.19,,,,,,
2018-04-18,,Cash,,,,,32073871.68,,,,,,
2018-04-19,,Cash,,,,,32073871.68,,,,,,
2018-04-20,,Cash,,,,,32073871.68,,,,,,
2018-04-23,,Cash,,,,,32073871.68,,,,,,
2018-04-24,,Cash,,,,,32073871.68,,,,,,
2018-04-25,,Cash,,,,,32073871.68,,,,,,
2018-04-26,,Cash,,,,,32073871.68,,,,,,
2018-04-27,,Cash,,,,,32073871.68,,,,,,
2018-05-02,,Cash,,,,,32073871.68,,,,,,
2018-05-03,,Cash,,,,,32073871.68,,,,,,
2018-05-04,,Cash,,,,,32073871.68,,,,,,
2018-05-07,,Cash,,,,,32073871.68,,,,,,
2018-05-08,,Cash,,,,,32073871.68,,,,,,
2018-05-09,,Cash,,,,,32073871.68,,,,,,
2018-05-10,,Cash,,,,,32073871.68,,,,,,
2018-05-11,,Cash,,,,,32073871.68,,,,,,
2018-05-14,,Cash,,,,,32073871.68,,,,,,
2018-05-15,,Cash,,,,,32073871.68,,,,,,
2018-05-16,,Cash,,,,,32073871.68,,,,,,
2018-05-17,,Cash,,,,,32073871.68,,,,,,
2018-05-18,,Cash,,,,,32073871.68,,,,,,
2018-05-21,,Cash,,,,,32073871.68,,,,,,
2018-05-22,,Cash,,,,,32073871.68,,,,,,
2018-05-23,股票,同仁堂(600085.XSHG),多仓,789900股,789900股,40.33,31856667,-252768,40.65,-,0,-252768,0股,100%
2018-05-23,,Cash,,,,,-45196.15,,,,,,
2018-05-24,股票,同仁堂(600085.XSHG),多仓,789900股,789900股,39.92,31532808,-576627,40.65,-,0,-323859,0股,100%
2018-05-24,,Cash,,,,,-45196.15,,,,,,
2018-05-25,股票,同仁堂(600085.XSHG),多仓,789900股,789900股,41.11,32472789,363354,40.65,-,0,939981,0股,100%
2018-05-25,,Cash,,,,,-45196.15,,,,,,
2018-05-28,股票,同仁堂(600085.XSHG),多仓,789900股,789900股,42.47,33547053,1437618,40.65,-,0,1074264,0股,100%
2018-05-28,,Cash,,,,,-45196.15,,,,,,
2018-05-29,股票,同仁堂(600085.XSHG),多仓,789900股,789900股,40,31596000,-513435,40.65,-,0,-1951053,0股,100%
2018-05-29,,Cash,,,,,-45196.15,,,,,,
2018-05-30,股票,同仁堂(600085.XSHG),多仓,788800股,788800股,39.28,30984064,-1080656,40.65,-,0,-567936,0股,100%
2018-05-30,,Cash,,,,,-2077.28,,,,,,
2018-05-31,股票,同仁堂(600085.XSHG),多仓,788800股,788800股,40.52,31962176,-102544,40.65,-,0,978112,0股,100%
2018-05-31,,Cash,,,,,-2077.28,,,,,,
2018-06-01,股票,同仁堂(600085.XSHG),多仓,788800股,788800股,38.71,30534448,-1530272,40.65,-,0,-1427728,0股,100%
2018-06-01,,Cash,,,,,-2077.28,,,,,,
2018-06-04,股票,同仁堂(600085.XSHG),多仓,788800股,788800股,38.41,30297808,-1766912,40.65,-,0,-236640,0股,100%
2018-06-04,,Cash,,,,,-2077.28,,,,,,
2018-06-05,股票,同仁堂(600085.XSHG),多仓,788800股,788800股,39.47,31133936,-930784,40.65,-,0,836128,0股,100%
2018-06-05,,Cash,,,,,-2077.28,,,,,,
2018-06-06,,Cash,,,,,30996851.66,,,,,,
2018-06-07,,Cash,,,,,30996851.66,,,,,,
2018-06-08,,Cash,,,,,30996851.66,,,,,,
2018-06-11,,Cash,,,,,30996851.66,,,,,,
2018-06-12,,Cash,,,,,30996851.66,,,,,,
2018-06-13,股票,同仁堂(600085.XSHG),多仓,808600股,808600股,38.2,30888520,-145548,38.38,-,0,-145548,0股,100%
2018-06-13,,Cash,,,,,-46526.56,,,,,,
2018-06-14,股票,同仁堂(600085.XSHG),多仓,808600股,808600股,37.64,30435704,-598364,38.38,-,0,-452816,0股,100%
2018-06-14,,Cash,,,,,-46526.56,,,,,,
2018-06-15,股票,同仁堂(600085.XSHG),多仓,808600股,808600股,36.69,29667534,-1366534,38.38,-,0,-768170,0股,100%
2018-06-15,,Cash,,,,,-46526.56,,,,,,
2018-06-19,股票,同仁堂(600085.XSHG),多仓,808600股,808600股,36.81,29764566,-1269502,38.38,-,0,97032,0股,100%
2018-06-19,,Cash,,,,,-46526.56,,,,,,
2018-06-20,股票,同仁堂(600085.XSHG),多仓,808600股,808600股,37.33,30185038,-849030,38.38,-,0,420472,0股,100%
2018-06-20,,Cash,,,,,-46526.56,,,,,,
2018-06-21,股票,同仁堂(600085.XSHG),多仓,807400股,807400股,37.2,30035280,-952732,38.38,-,0,-104962,0股,100%
2018-06-21,,Cash,,,,,-1824.75,,,,,,
2018-06-22,股票,同仁堂(600085.XSHG),多仓,807400股,807400股,37.32,30132168,-855844,38.38,-,0,96888,0股,100%
2018-06-22,,Cash,,,,,-1824.75,,,,,,
2018-06-25,股票,同仁堂(600085.XSHG),多仓,807400股,807400股,37.16,30002984,-985028,38.38,-,0,-129184,0股,100%
2018-06-25,,Cash,,,,,-1824.75,,,,,,
2018-06-26,股票,同仁堂(600085.XSHG),多仓,807400股,807400股,36.62,29566988,-1421024,38.38,-,0,-435996,0股,100%
2018-06-26,,Cash,,,,,-1824.75,,,,,,
2018-06-27,股票,同仁堂(600085.XSHG),多仓,807400股,807400股,35.21,28428554,-2559458,38.38,-,0,-1138434,0股,100%
2018-06-27,,Cash,,,,,-1824.75,,,,,,
2018-06-28,股票,同仁堂(600085.XSHG),多仓,807400股,807400股,34.45,27814930,-3173082,38.38,-,0,-613624,0股,100%
2018-06-28,,Cash,,,,,-1824.75,,,,,,
2018-06-29,股票,同仁堂(600085.XSHG),多仓,807400股,807400股,35.28,28485072,-2502940,38.38,-,0,670142,0股,100%
2018-06-29,,Cash,,,,,-1824.75,,,,,,
2018-07-02,股票,同仁堂(600085.XSHG),多仓,807400股,807400股,35.11,28347814,-2640198,38.38,-,0,-137258,0股,100%
2018-07-02,,Cash,,,,,-1824.75,,,,,,
2018-07-03,股票,同仁堂(600085.XSHG),多仓,807400股,807400股,34.46,27823004,-3165008,38.38,-,0,-524810,0股,100%
2018-07-03,,Cash,,,,,-1824.75,,,,,,
2018-07-04,,Cash,,,,,27567294.74,,,,,,
2018-07-05,,Cash,,,,,27567294.74,,,,,,
2018-07-06,,Cash,,,,,27567294.74,,,,,,
2018-07-09,,Cash,,,,,27567294.74,,,,,,
2018-07-10,,Cash,,,,,27567294.74,,,,,,
2018-07-11,,Cash,,,,,27567294.74,,,,,,
2018-07-12,,Cash,,,,,27567294.74,,,,,,
2018-07-13,,Cash,,,,,27567294.74,,,,,,
2018-07-16,,Cash,,,,,27567294.74,,,,,,
2018-07-17,,Cash,,,,,27567294.74,,,,,,
2018-07-18,股票,同仁堂(600085.XSHG),多仓,771700股,771700股,35.76,27595992,0,35.76,-,0,0,0股,100%
2018-07-18,,Cash,,,,,-36976.06,,,,,,
2018-07-19,股票,同仁堂(600085.XSHG),多仓,771700股,771700股,35.45,27356765,-239227,35.76,-,0,-239227,0股,100%
2018-07-19,,Cash,,,,,-36976.06,,,,,,
2018-07-20,股票,同仁堂(600085.XSHG),多仓,771700股,771700股,36.04,27812068,216076,35.76,-,0,455303,0股,100%
2018-07-20,,Cash,,,,,-36976.06,,,,,,
2018-07-23,股票,同仁堂(600085.XSHG),多仓,771700股,771700股,35.01,27017217,-578775,35.76,-,0,-794851,0股,100%
2018-07-23,,Cash,,,,,-36976.06,,,,,,
2018-07-24,股票,同仁堂(600085.XSHG),多仓,771700股,771700股,34.76,26824292,-771700,35.76,-,0,-192925,0股,100%
2018-07-24,,Cash,,,,,-36976.06,,,,,,
2018-07-25,股票,同仁堂(600085.XSHG),多仓,770700股,770700股,35,26974500,-585732,35.76,-,0,184968,0股,100%
2018-07-25,,Cash,,,,,-2211.31,,,,,,
2018-07-26,股票,同仁堂(600085.XSHG),多仓,770700股,770700股,34.8,26820360,-739872,35.76,-,0,-154140,0股,100%
2018-07-26,,Cash,,,,,-2211.31,,,,,,
2018-07-27,股票,同仁堂(600085.XSHG),多仓,770700股,770700股,34.47,26566029,-994203,35.76,-,0,-254331,0股,100%
2018-07-27,,Cash,,,,,-2211.31,,,,,,
2018-07-30,股票,同仁堂(600085.XSHG),多仓,770700股,770700股,33.68,25957176,-1603056,35.76,-,0,-608853,0股,100%
2018-07-30,,Cash,,,,,-2211.31,,,,,,
